name,address,website,founders_names,founders_linkedin,batch,year,yc_url,per_company_api
EasyCode,"Toronto, ON, Canada; Remote",https://www.easycode.ai/,"James Jiang; Paul Li; Founded: 2023 Batch: Fall 2025 Team Size: 4 Status: Active Location: Toronto, Canada Primary Partner: Aaron Epstein",https://www.linkedin.com/in/jamesdreamcrafters/; https://www.linkedin.com/in/hey-paul/; https://www.linkedin.com/company/easycodeai/,Fall 2025,2025,https://www.ycombinator.com/companies/easycode,https://yc-oss.github.io/api/batches/fall-2025/easycode.json
Egress Health,,https://tryegress.com,Alex Pedersen; Founded: 2024 Batch: Winter 2025 Team Size: 2 Status: Active Primary Partner: Harj Taggar,https://linkedin.com/in/alex-pedersen-30340915a; https://www.linkedin.com/company/tryegress,Winter 2025,2025,https://www.ycombinator.com/companies/egress-health,https://yc-oss.github.io/api/batches/winter-2025/egress-health.json
Leeroo,,https://www.leeroo.com/,Alireza Mohammadshahi; Majid Yazdani; Batch: Spring 2025 Team Size: 3 Status: Active Primary Partner: Nicolas Dessaigne,https://www.linkedin.com/in/alireza-mohammadshahi/; https://linkedin.com/in/majid-yazdani-a9032011; https://www.linkedin.com/company/leeroo,Spring 2025,2025,https://www.ycombinator.com/companies/leeroo,https://yc-oss.github.io/api/batches/spring-2025/leeroo.json
Atum Works,"Mountain View, CA, USA",https://atum.works/,Lucas Pabarcius; Matteo Kimura; Malcolm Tisdale; Founded: 2024 Batch: Spring 2025 Team Size: 3 Status: Active Location: Mountain View Primary Partner: Garry Tan,https://www.linkedin.com/in/lucas-pabarcius-ba3595167/; https://www.linkedin.com/in/matteo-kimura-90879318b/; https://www.linkedin.com/in/malcolm-tisdale; https://linkedin.com/company/atum-works,Spring 2025,2025,https://www.ycombinator.com/companies/atum-works,https://yc-oss.github.io/api/batches/spring-2025/atum-works.json
Willow,"San Francisco, CA, USA",https://willowvoice.com/,,,Spring 2025,2025,https://www.ycombinator.com/companies/willow,https://yc-oss.github.io/api/batches/spring-2025/willow.json
Stormy AI,"San Francisco, CA, USA",https://stormy.ai,Robert Lukoszko; Founded: 2024 Batch: Summer 2025 Team Size: 5 Status: Active Location: San Francisco Primary Partner: Garry Tan,https://linkedin.com/in/karmedge; https://www.linkedin.com/company/105507409,Summer 2025,2025,https://www.ycombinator.com/companies/stormy-ai,https://yc-oss.github.io/api/batches/summer-2025/stormy-ai.json
Overstand Labs,"San Francisco, CA, USA",https://overstandlabs.com,Mihir Patil; Derrick Cheng; Founded: 2024 Batch: Winter 2025 Team Size: 4 Status: Active Location: San Francisco Primary Partner: Tyler Bosmeny,https://www.linkedin.com/in/mihirnpatil/; https://www.linkedin.com/in/chengderrick; https://www.linkedin.com/company/overstand-labs/,Winter 2025,2025,https://www.ycombinator.com/companies/overstand-labs,https://yc-oss.github.io/api/batches/winter-2025/overstand-labs.json
YouShift,,https://www.you-shift.com/,Lucía Vives Martorell; Jota Chamorro; Adolfo Roquero Gimenez; Founded: 2024 Batch: Winter 2025 Team Size: 3 Status: Active Primary Partner: Tom Blomfield,https://www.linkedin.com/in/luciavivesmartorell/; https://linkedin.com/in/jotachamorro; https://linkedin.com/in/adolfo-roquero-gimenez-a8b853181; https://www.linkedin.com/company/you-shift,Winter 2025,2025,https://www.ycombinator.com/companies/youshift,https://yc-oss.github.io/api/batches/winter-2025/youshift.json
Uncommon Therapeutics,"San Francisco, CA, USA",https://uncommontherapeutics.com,Noah Auerhahn; Ryan Lim,https://www.linkedin.com/in/noahauerhahn/; https://www.linkedin.com/in/ryanlimphd,Winter 2025,2025,https://www.ycombinator.com/companies/uncommon-therapeutics,https://yc-oss.github.io/api/batches/winter-2025/uncommon-therapeutics.json
Exin Therapeutics,"San Francisco, CA, USA",https://www.exintherapeutics.com/,Gabriel Ocana Santero; Ivan Lazarte; Marko Tvrdic; Gabriel; Ivan; Marko; Founded: 2024 Batch: Winter 2025 Team Size: 3 Status: Active Location: San Francisco Primary Partner: Jared Friedman,https://www.linkedin.com/in/gabriel-ocana-santero-85b41819a; https://www.linkedin.com/in/ilazarte; https://www.linkedin.com/in/marko-tvrdic/; https://www.linkedin.com/in/gabriel-ocana-santero-85b41819a/?originalSubdomain=uk; https://www.linkedin.com/in/ilazarte/; https://www.linkedin.com/in/marko-tvrdic/?originalSubdomain=uk; https://www.linkedin.com/company/exin-therapeutics,Winter 2025,2025,https://www.ycombinator.com/companies/exin-therapeutics,https://yc-oss.github.io/api/batches/winter-2025/exin-therapeutics.json
Delineate,"Boston, MA, USA; Remote",https://delineate.pro/,Emily Nieves; Jawad Iqbal; Founded: 2024 Batch: Winter 2025 Team Size: 20 Status: Active Location: Boston Primary Partner: Jared Friedman,https://www.linkedin.com/in/emily-nieves-a67b90144/; https://www.linkedin.com/in/jawad-iqbal/; https://www.linkedin.com/company/delineate-pro/,Winter 2025,2025,https://www.ycombinator.com/companies/delineate,https://yc-oss.github.io/api/batches/winter-2025/delineate.json
Onlook,"San Francisco, CA, USA",https://onlook.com/,Daniel Farrell; Kiet Ho; Onlook on LinkedIn; LinkedIn; Founded: 2024 Batch: Winter 2025 Team Size: 2 Status: Active Location: San Francisco Primary Partner: Aaron Epstein,https://www.linkedin.com/in/danielrfarrell/; https://linkedin.com/in/kiet-ho; https://www.linkedin.com/company/onlook-dev/; https://www.linkedin.com/in/kiet-ho/; https://www.linkedin.com/company/onlook-dev,Winter 2025,2025,https://www.ycombinator.com/companies/onlook,https://yc-oss.github.io/api/batches/winter-2025/onlook.json
Invo,,https://www.tryinvo.com/,Patrick Foster; Founded: 2024 Batch: Winter 2025 Team Size: 2 Status: Active Primary Partner: Jared Friedman,https://linkedin.com/in/patrickrfoster; https://www.linkedin.com/company/invo-ai,Winter 2025,2025,https://www.ycombinator.com/companies/invo,https://yc-oss.github.io/api/batches/winter-2025/invo.json
Autumn,,https://useautumn.com,Ayush Rodrigues; John Yeo; Founded: 2025 Batch: Summer 2025 Team Size: 2 Status: Active Primary Partner: Pete Koomen,https://www.linkedin.com/in/ayushro/; https://www.linkedin.com/in/johnyeocx; https://www.linkedin.com/company/useautumn,Summer 2025,2025,https://www.ycombinator.com/companies/autumn,https://yc-oss.github.io/api/batches/summer-2025/autumn.json
Quantstruct,"San Francisco, CA, USA",https://quantstruct.com,Sarthak Srinivas; Newman Hu; Founded: 2025 Batch: Winter 2025 Team Size: 3 Status: Active Location: San Francisco Primary Partner: Garry Tan,https://linkedin.com/in/sarthaksrinivas; https://www.linkedin.com/in/newmanhu/; https://www.linkedin.com/company/quantstruct,Winter 2025,2025,https://www.ycombinator.com/companies/quantstruct,https://yc-oss.github.io/api/batches/winter-2025/quantstruct.json
Edexia,"San Francisco, CA, USA",https://www.edexia.com/,,,Winter 2025,2025,https://www.ycombinator.com/companies/edexia,https://yc-oss.github.io/api/batches/winter-2025/edexia.json
Enhanced Radar,"San Francisco, CA, USA",https://www.enhancedradar.com/,Eric Button; Kristian Gaylord; Founded: 2024 Batch: Winter 2025 Team Size: 2 Status: Active Location: San Francisco Primary Partner: Garry Tan,https://www.linkedin.com/in/ericjacobbutton/; https://www.linkedin.com/in/kaylord/; https://www.linkedin.com/company/enhanced-radar/?viewAsMember=true,Winter 2025,2025,https://www.ycombinator.com/companies/enhanced-radar,https://yc-oss.github.io/api/batches/winter-2025/enhanced-radar.json
Aviro,"San Francisco, CA, USA",https://www.aviro.ai/,Aarush Kukreja; Ayush Karupakula; Founded: 2024 Batch: Spring 2025 Team Size: 2 Status: Active Location: San Francisco Primary Partner: Garry Tan,https://www.linkedin.com/in/aarush-kukreja/; https://www.linkedin.com/in/ayush-karupakula; https://www.linkedin.com/company/aviro-ai/,Spring 2025,2025,https://www.ycombinator.com/companies/aviro,https://yc-oss.github.io/api/batches/spring-2025/aviro.json
Revise Robotics,,https://www.reviserobotics.com/,Rupesh Jeyaram; Antonio Monreal; Founded: 2024 Batch: Winter 2025 Team Size: 3 Status: Active Primary Partner: Garry Tan,https://www.linkedin.com/in/rupesh-jeyaram/; https://www.linkedin.com/in/antonio-monreal-71b0751b5/; https://www.linkedin.com/company/revise-robotics/,Winter 2025,2025,https://www.ycombinator.com/companies/revise-robotics,https://yc-oss.github.io/api/batches/winter-2025/revise-robotics.json
Trace,"San Francisco, CA, USA",http://tracetec.co,Saner Cakir; Kayla Lee; Founded: 2024 Batch: Winter 2025 Team Size: 3 Status: Active Location: San Francisco Primary Partner: Gustaf Alstromer,https://www.linkedin.com/in/saner-cakir-697385300/; https://www.linkedin.com/in/kayla-lee-715149160/; https://www.linkedin.com/company/tracetechnologies,Winter 2025,2025,https://www.ycombinator.com/companies/trace,https://yc-oss.github.io/api/batches/winter-2025/trace.json
Bild AI,,https://www.bild.ai,Roop Pal; Puneet Sukhija; Puneet Sukhija; Founded: 2024 Batch: Winter 2025 Team Size: 3 Status: Active Primary Partner: Gustaf Alstromer,https://www.linkedin.com/in/rooppal/; https://www.linkedin.com/in/puneet-sukhija-bb58ba1a0/; https://www.linkedin.com/in/puneet-bild/; https://www.linkedin.com/company/bild-ai,Winter 2025,2025,https://www.ycombinator.com/companies/bild-ai,https://yc-oss.github.io/api/batches/winter-2025/bild-ai.json
Candor,"San Francisco, CA, USA",https://www.usecandor.ai,Marcus Zimmerman; Ethne Laude; Founded: 2025 Batch: Winter 2025 Team Size: 2 Status: Active Location: San Francisco Primary Partner: Gustaf Alstromer,https://www.linkedin.com/in/marcus-zimmerman-4878ba245/; https://www.linkedin.com/in/ethne-laude-289801224/; https://www.linkedin.com/company/candortechnologies,Winter 2025,2025,https://www.ycombinator.com/companies/candor,https://yc-oss.github.io/api/batches/winter-2025/candor.json
Vetnio,,https://vetnio.com/,Arman Karégar; Max Henry Xie; Arman; Max; Founded: 2024 Batch: Winter 2025 Team Size: 6 Status: Active Primary Partner: Gustaf Alstromer,https://linkedin.com/in/armankaregar; https://linkedin.com/in/max-henry-xie; https://www.linkedin.com/in/armankaregar/; https://www.linkedin.com/in/max-henry-xie/; https://www.linkedin.com/company/vetnio,Winter 2025,2025,https://www.ycombinator.com/companies/vetnio,https://yc-oss.github.io/api/batches/winter-2025/vetnio.json
Leaping AI,"San Francisco, CA, USA",https://www.leapingai.com,Kevin Wu; Shraey Bhatia; Arkadiy Telegin; Arkadiy; Shraey; Founded: 2023 Batch: Winter 2025 Team Size: 8 Status: Active Location: San Francisco Primary Partner: Garry Tan,https://www.linkedin.com/in/kevin-wu-452a6393/; https://www.linkedin.com/in/shraeybhatia; https://www.linkedin.com/in/a-telegin; https://www.linkedin.com/in/a-telegin/; https://www.linkedin.com/in/shraeybhatia/; https://www.linkedin.com/company/98079414/,Winter 2025,2025,https://www.ycombinator.com/companies/leaping-ai,https://yc-oss.github.io/api/batches/winter-2025/leaping-ai.json
Casixty,,https://casixty.com,Eylon Miz; Founded: 2024 Batch: Winter 2025 Team Size: 2 Status: Active Primary Partner: Garry Tan,https://linkedin.com/in/eylonmiz; https://www.linkedin.com/company/casixty,Winter 2025,2025,https://www.ycombinator.com/companies/casixty,https://yc-oss.github.io/api/batches/winter-2025/casixty.json
NextByte,"San Francisco, CA, USA",https://nextbyte.ai,Jason Madeano; Matt Stallone; LinkedIn; Founded: 2025 Batch: Winter 2025 Team Size: 2 Status: Active Location: San Francisco Primary Partner: Garry Tan,https://www.linkedin.com/in/jason-madeano/; https://www.linkedin.com/in/mattstallone/; https://www.linkedin.com/company/nextbyte-ai; https://www.linkedin.com/company/nextbyte-ai/,Winter 2025,2025,https://www.ycombinator.com/companies/nextbyte,https://yc-oss.github.io/api/batches/winter-2025/nextbyte.json
Excellence Learning,"Stanford, CA, USA",https://excellence-ai.com/,"Sovann Linden; Alexis Bonnafont; Mattia Mauro; Founded: 2025 Batch: Winter 2025 Team Size: 4 Status: Active Location: Stanford, CA Primary Partner: Gustaf Alstromer",https://www.linkedin.com/in/sovann-linden/; https://www.linkedin.com/in/alexis-bonnafont; https://www.linkedin.com/in/mattia-mauro-437a35197/; https://www.linkedin.com/company/excellence-ai/,Winter 2025,2025,https://www.ycombinator.com/companies/excellence-learning,https://yc-oss.github.io/api/batches/winter-2025/excellence-learning.json
Praxim,"San Francisco, CA, USA",https://www.praxim.ai/,Richie Hsiung; Frank Li,https://www.linkedin.com/in/richiehsiung/; https://www.linkedin.com/in/frank-li-6866411b0/,Winter 2025,2025,https://www.ycombinator.com/companies/praxim,https://yc-oss.github.io/api/batches/winter-2025/praxim.json
Hey Telo,,https://www.heytelo.com,Christopher Grittner; Daniel Grittner; Daniel; Chris; Founded: 2024 Batch: Winter 2025 Team Size: 2 Status: Active Primary Partner: Gustaf Alstromer,https://linkedin.com/in/christopher-grittner; https://linkedin.com/in/daniel-m-grittner; https://www.linkedin.com/in/daniel-m-grittner/; https://www.linkedin.com/in/christopher-grittner/; https://www.linkedin.com/company/heytelo/,Winter 2025,2025,https://www.ycombinator.com/companies/hey-telo,https://yc-oss.github.io/api/batches/winter-2025/hey-telo.json
SubImage,,https://subimage.io,Alex Chantavy; Kunaal Sikka; Founded: 2024 Batch: Winter 2025 Team Size: 3 Status: Active Primary Partner: Gustaf Alstromer,https://www.linkedin.com/in/alexchantavy/; https://www.linkedin.com/in/kunaals/; https://www.linkedin.com/company/subimagesec,Winter 2025,2025,https://www.ycombinator.com/companies/subimage,https://yc-oss.github.io/api/batches/winter-2025/subimage.json
Steinmetz,"San Francisco, CA, USA",https://steinmetzmotors.com/,Owen Brake; Ethan Childerhose; Founded: 2024 Batch: Winter 2025 Team Size: 2 Status: Active Location: San Francisco Primary Partner: Tom Blomfield,https://www.linkedin.com/in/owen-brake-39363a169/; https://linkedin.com/in/ethan-childerhose; https://www.linkedin.com/company/steinmetzinc/,Winter 2025,2025,https://www.ycombinator.com/companies/steinmetz,https://yc-oss.github.io/api/batches/winter-2025/steinmetz.json
Partcl,,https://partcl.com/,William Salcedo; Vamshi Balanaga; Founded: 2025 Batch: Spring 2025 Status: Active Primary Partner: Tom Blomfield,https://www.linkedin.com/in/william-salcedo/; https://www.linkedin.com/in/vamshibalanaga; https://www.linkedin.com/company/partcl,Spring 2025,2025,https://www.ycombinator.com/companies/partcl,https://yc-oss.github.io/api/batches/spring-2025/partcl.json
Axiom,,https://axiom.trade,Henry Zhang; Preston Ellis; Founded: 2024 Batch: Winter 2025 Team Size: 2 Status: Active Primary Partner: Tom Blomfield,https://www.linkedin.com/in/henryzhang03/; https://www.linkedin.com/in/preellis/; https://www.linkedin.com/company/joinaxiom,Winter 2025,2025,https://www.ycombinator.com/companies/axiom,https://yc-oss.github.io/api/batches/winter-2025/axiom.json
Orchids,,https://www.orchids.app/,Kevin Lu; Bach Tran,https://www.linkedin.com/in/kevin-lu-22724b1a5/; https://www.linkedin.com/in/giabachtran,Winter 2025,2025,https://www.ycombinator.com/companies/orchids,https://yc-oss.github.io/api/batches/winter-2025/orchids.json
Splash Inc.,"El Segundo, CA, USA",https://splash9.com/,"Ivan Avanesov; Marcell Veszpremi; Founded: 2024 Batch: Winter 2025 Team Size: 8 Status: Active Location: El Segundo, CA Primary Partner: Aaron Epstein",https://www.linkedin.com/in/ivan-avanesov-2b511515a/; https://www.linkedin.com/in/veszpremimarcell/; https://www.linkedin.com/company/105801839/admin/feed/following/,Winter 2025,2025,https://www.ycombinator.com/companies/splash-inc,https://yc-oss.github.io/api/batches/winter-2025/splash-inc.json
Stamp,,https://www.stampmail.ai/,Archit Mehta; Founded: 2024 Batch: Winter 2025 Team Size: 1 Status: Active Primary Partner: Jared Friedman,https://linkedin.com/in/4architmehta; https://www.linkedin.com/company/stamp-ai/,Winter 2025,2025,https://www.ycombinator.com/companies/stamp,https://yc-oss.github.io/api/batches/winter-2025/stamp.json
Alice.tech,"Copenhagen, Denmark",https://www.alice.tech/,"Kim Rants; Patrick Gadd; Founded: 2024 Batch: Winter 2025 Team Size: 5 Status: Active Location: Copenhagen, Denmark Primary Partner: Tom Blomfield",https://www.linkedin.com/in/kimrants/; https://www.linkedin.com/in/patrick-gadd/; https://www.linkedin.com/company/alice-tech/,Winter 2025,2025,https://www.ycombinator.com/companies/alice-tech,https://yc-oss.github.io/api/batches/winter-2025/alice-tech.json
Dollyglot,"San Francisco, CA, USA",https://www.dollyglot.com/,Thomas Minassian; Paul-Henri Biojout; Founded: 2024 Batch: Winter 2025 Team Size: 2 Status: Active Location: San Francisco Primary Partner: Tom Blomfield,https://linkedin.com/in/thomas-minassian-b25626102; https://linkedin.com/in/phbiojout; https://www.linkedin.com/company/dollyglot/about/?viewAsMember=true,Winter 2025,2025,https://www.ycombinator.com/companies/dollyglot,https://yc-oss.github.io/api/batches/winter-2025/dollyglot.json
awen,Remote,https://www.awen.ai/,Thibault Henriet; Founded: 2023 Batch: Winter 2025 Team Size: 3 Status: Active Primary Partner: Tom Blomfield,https://linkedin.com/in/thibault-henriet-595a5860; https://www.linkedin.com/company/awen-ai,Winter 2025,2025,https://www.ycombinator.com/companies/awen,https://yc-oss.github.io/api/batches/winter-2025/awen.json
Karoo,"Toronto, ON, Canada",https://www.karoo.ca,"Hugo Markland; Jeanot Dawson; Oliver Lambson; Founded: 2024 Batch: Winter 2025 Team Size: 3 Status: Active Location: Toronto, Canada Primary Partner: Tom Blomfield",https://www.linkedin.com/in/hugo-markland-cfa-712409125/; https://www.linkedin.com/in/jeanot-dawson-67191b17?utm_source=share&utm_campaign=share_via&utm_content=profile&utm_medium=ios_app; https://www.linkedin.com/in/oliverlambson/; https://www.linkedin.com/company/karoo-ca/,Winter 2025,2025,https://www.ycombinator.com/companies/karoo,https://yc-oss.github.io/api/batches/winter-2025/karoo.json
Dartboard Energy,"San Francisco, CA, USA",https://dartboardenergy.com,Rohun Ati; Founded: 2024 Batch: Winter 2025 Team Size: 2 Status: Active Location: San Francisco Primary Partner: Jared Friedman,https://www.linkedin.com/in/rohunati; https://www.linkedin.com/company/dartboard-energy/,Winter 2025,2025,https://www.ycombinator.com/companies/dartboard-energy,https://yc-oss.github.io/api/batches/winter-2025/dartboard-energy.json
Astro,,https://www.astroenergy.ai/,Alex Fuster; Founded: 2024 Batch: Winter 2025 Team Size: 1 Status: Active Primary Partner: Brad Flora,https://www.linkedin.com/in/alex-f-573560101/; https://www.linkedin.com/company/astro-energy-inc/,Winter 2025,2025,https://www.ycombinator.com/companies/astro,https://yc-oss.github.io/api/batches/winter-2025/astro.json
Vocality Health,,https://www.vocalityhealth.com,Brogan McPartland; Vivek Jayaram; Fulltrack AI; Founded: 2025 Batch: Winter 2025 Team Size: 2 Status: Active Primary Partner: Brad Flora,https://www.linkedin.com/in/brogan-mcpartland-05830031a/; https://www.linkedin.com/in/vivek-jayaram/; https://www.linkedin.com/company/fulltrack-ai; https://www.linkedin.com/company/vocality-health,Winter 2025,2025,https://www.ycombinator.com/companies/vocality-health,https://yc-oss.github.io/api/batches/winter-2025/vocality-health.json
Subtrace,"San Francisco, CA, USA",https://subtrace.dev,Adhityaa Chandrasekar; Sachin Sridhar; Founded: 2024 Batch: Winter 2025 Team Size: 2 Status: Active Location: San Francisco Primary Partner: Brad Flora,https://linkedin.com/in/adtac; https://linkedin.com/in/sachin-sridhar; https://www.linkedin.com/company/subtrace,Winter 2025,2025,https://www.ycombinator.com/companies/subtrace,https://yc-oss.github.io/api/batches/winter-2025/subtrace.json
Scout,"New York, NY, USA",https://scoutforschools.com/,Noah Fichter; Max Bertfield; Founded: 2024 Batch: Winter 2025 Team Size: 5 Status: Active Location: New York Primary Partner: Aaron Epstein,https://www.linkedin.com/in/noah-p-fichter/; https://www.linkedin.com/in/maxbertfield/; https://www.linkedin.com/company/scout-edu,Winter 2025,2025,https://www.ycombinator.com/companies/scout-4,https://yc-oss.github.io/api/batches/winter-2025/scout-4.json
Promptless,"San Francisco, CA, USA",https://promptless.ai/,Prithvi Ramakrishnan; Frances Liu; Founded: 2024 Batch: Winter 2025 Team Size: 2 Status: Active Location: San Francisco Primary Partner: Brad Flora,https://www.linkedin.com/in/prithvi-r; https://linkedin.com/in/frances-liu-1a426057; https://www.linkedin.com/company/promptless,Winter 2025,2025,https://www.ycombinator.com/companies/promptless,https://yc-oss.github.io/api/batches/winter-2025/promptless.json
Closure,"New York, NY, USA",https://closure-intel.com/,Aaron Zelinger; Gilad Levy; Founded: 2024 Batch: Winter 2025 Team Size: 4 Status: Active Location: New York Primary Partner: Tom Blomfield,https://www.linkedin.com/in/aaron-zelinger/; https://www.linkedin.com/in/gilad-levy/; https://www.linkedin.com/company/closure-intel,Winter 2025,2025,https://www.ycombinator.com/companies/closure,https://yc-oss.github.io/api/batches/winter-2025/closure.json
Conntour,,https://www.conntour.com/,Matan Goldner; Tomer Kulla; Founded: 2024 Batch: Winter 2025 Team Size: 6 Status: Active Primary Partner: Tom Blomfield,https://linkedin.com/in/matan-goldner; https://www.linkedin.com/in/tomer-kulla/; https://www.linkedin.com/company/conntour/,Winter 2025,2025,https://www.ycombinator.com/companies/conntour,https://yc-oss.github.io/api/batches/winter-2025/conntour.json
superglue,"San Francisco, CA, USA",https://superglue.ai/,Adina Goerres; Stefan Faistenauer; Adina; Founded: 2024 Batch: Winter 2025 Team Size: 2 Status: Active Location: San Francisco Primary Partner: Tom Blomfield,https://linkedin.com/in/adinagoerres; https://www.linkedin.com/in/stefan-faistenauer/; https://www.linkedin.com/in/adinagoerres/; https://www.linkedin.com/company/superglue-ai/,Winter 2025,2025,https://www.ycombinator.com/companies/superglue,https://yc-oss.github.io/api/batches/winter-2025/superglue.json
Truffle AI,"San Francisco, CA, USA",https://www.trytruffle.ai/,Shaunak Srivastava; Rahul Karajgikar; Founded: 2024 Batch: Winter 2025 Team Size: 2 Status: Active Location: San Francisco Primary Partner: Harj Taggar,https://www.linkedin.com/in/shaunak-srivastava-244567163/; https://www.linkedin.com/in/rahul-karajgikar; https://www.linkedin.com/company/truffle-ai/,Winter 2025,2025,https://www.ycombinator.com/companies/truffle-ai,https://yc-oss.github.io/api/batches/winter-2025/truffle-ai.json
Ovlo,"San Francisco, CA, USA",https://ovlo.ai,Andrew Malouf; Amer Eid; Founded: 2025 Batch: Winter 2025 Team Size: 2 Status: Active Location: San Francisco Primary Partner: Aaron Epstein,https://www.linkedin.com/in/agmalouf/; https://www.linkedin.com/in/amer-eid92/; https://www.linkedin.com/company/ovlo,Winter 2025,2025,https://www.ycombinator.com/companies/ovlo,https://yc-oss.github.io/api/batches/winter-2025/ovlo.json
Contrario,"San Francisco, CA, USA",https://contrario.ai,Arya Marwaha; Aditya Sood; Founded: 2025 Batch: Winter 2025 Team Size: 3 Status: Active Location: San Francisco Primary Partner: Harj Taggar,https://www.linkedin.com/in/arya-marwaha/; https://www.linkedin.com/in/adibsood/; https://www.linkedin.com/company/contrario-ai,Winter 2025,2025,https://www.ycombinator.com/companies/contrario,https://yc-oss.github.io/api/batches/winter-2025/contrario.json
Sublingual,"San Francisco, CA, USA",https://sublingual.ai/,Matthew Tang; Dylan Bowman,https://www.linkedin.com/in/mhtang2/; https://www.linkedin.com/in/dylan-bowman-68a56218b/,Winter 2025,2025,https://www.ycombinator.com/companies/sublingual,https://yc-oss.github.io/api/batches/winter-2025/sublingual.json
Rocketable,"San Francisco, CA, USA; Remote",https://www.rocketable.com,Alan Wells; Founded: 2023 Batch: Winter 2025 Team Size: 1 Status: Active Location: San Francisco Primary Partner: Jared Friedman,https://www.linkedin.com/in/awells/; https://www.linkedin.com/company/105609915/admin/dashboard/,Winter 2025,2025,https://www.ycombinator.com/companies/rocketable,https://yc-oss.github.io/api/batches/winter-2025/rocketable.json
Toothy AI,"San Francisco, CA, USA",https://www.toothy.ai/,Johnny Chen; Matt Kerrigan; Yu Lin; Founded: 2024 Batch: Winter 2025 Team Size: 7 Status: Active Location: San Francisco Primary Partner: Jared Friedman,https://www.linkedin.com/in/johnnychen54/; https://www.linkedin.com/in/mkerrig/; https://www.linkedin.com/in/tejas-konduru; https://www.linkedin.com/company/toothy-ai/,Winter 2025,2025,https://www.ycombinator.com/companies/toothy-ai,https://yc-oss.github.io/api/batches/winter-2025/toothy-ai.json
Verbiflow,"San Francisco, CA, USA",https://verbiflow.com,Kashyab Ambarani; Rishi Mahadevan; Founded: 2024 Batch: Winter 2025 Team Size: 2 Status: Active Location: San Francisco Primary Partner: Harj Taggar,https://www.linkedin.com/in/kashyab-ambarani/; https://www.linkedin.com/in/rishi-mahadevan-625844109/; https://www.linkedin.com/company/verbiflow/,Winter 2025,2025,https://www.ycombinator.com/companies/verbiflow,https://yc-oss.github.io/api/batches/winter-2025/verbiflow.json
A1Base,"San Francisco, CA, USA",https://www.a1base.com/,Pasha Rayan; Pennie Huang; Founded: 2025 Batch: Winter 2025 Team Size: 2 Status: Active Location: San Francisco,https://www.linkedin.com/in/pasharayan; https://linkedin.com/in/pennieli; https://www.linkedin.com/company/a1base,Winter 2025,2025,https://www.ycombinator.com/companies/a1base,https://yc-oss.github.io/api/batches/winter-2025/a1base.json
General Agency,"San Francisco, CA, USA",https://heytessa.ai,Mo Nasir; Harvey Hu; Founded: 2024 Batch: Winter 2025 Team Size: 2 Status: Active Location: San Francisco Primary Partner: Aaron Epstein,https://linkedin.com/in/mohammednasir; https://www.linkedin.com/in/yubin-hu-berkeley/; https://www.linkedin.com/company/generalagencyai,Winter 2025,2025,https://www.ycombinator.com/companies/general-agency,https://yc-oss.github.io/api/batches/winter-2025/general-agency.json
a0.dev,"San Francisco, CA, USA",https://a0.dev,Seth Setse; Ayomide Omolewa; Founded: 2025 Batch: Winter 2025 Team Size: 3 Status: Active Location: San Francisco,https://linkedin.com/in/seth-setse-0641b6175; https://linkedin.com/in/omolewa; https://www.linkedin.com/company/a0-dev,Winter 2025,2025,https://www.ycombinator.com/companies/a0-dev,https://yc-oss.github.io/api/batches/winter-2025/a0-dev.json
Maritime Fusion,,https://maritimefusion.com,Justin Cohen; Jason Kaufmann; Founded: 2024 Batch: Winter 2025 Team Size: 4 Status: Active Primary Partner: Aaron Epstein,https://www.linkedin.com/in/justin-cohen707; https://www.linkedin.com/in/jasonskaufmann/; https://www.linkedin.com/company/maritime-fusion,Winter 2025,2025,https://www.ycombinator.com/companies/maritime-fusion,https://yc-oss.github.io/api/batches/winter-2025/maritime-fusion.json
Trava,"San Francisco, CA, USA",https://www.usetrava.com/,Pushkar Lanka; Founded: 2025 Batch: Winter 2025 Team Size: 1 Status: Active Location: San Francisco,https://www.linkedin.com/in/pushkarlanka/; https://www.linkedin.com/company/trava-ai,Winter 2025,2025,https://www.ycombinator.com/companies/trava,https://yc-oss.github.io/api/batches/winter-2025/trava.json
Tejas AI,"San Francisco, CA, USA",https://www.trytejas.ai/,Gaurav Luhariwala; Founded: 2025 Batch: Winter 2025 Team Size: 2 Status: Active Location: San Francisco Primary Partner: Harj Taggar,https://www.linkedin.com/in/gauravluhariwala/; https://www.linkedin.com/company/tejasai/,Winter 2025,2025,https://www.ycombinator.com/companies/tejas-ai,https://yc-oss.github.io/api/batches/winter-2025/tejas-ai.json
Caseflood.ai,"San Francisco, CA, USA",https://caseflood.ai,Ethan Hilton; Tolen Schreid; Ayushman:; Tolen:; Founded: 2025 Batch: Winter 2025 Team Size: 3 Status: Active Location: San Francisco Primary Partner: Jared Friedman,https://www.linkedin.com/in/ethan-hilton/; https://www.linkedin.com/in/tolen-schreid; https://www.linkedin.com/in/ayushman28/; https://www.linkedin.com/in/tolen-schreid/; https://www.linkedin.com/company/caseflood-ai,Winter 2025,2025,https://www.ycombinator.com/companies/caseflood-ai,https://yc-oss.github.io/api/batches/winter-2025/caseflood-ai.json
Weave,"San Francisco, CA, USA",https://workweave.dev,Adam Cohen; Andrew Churchill; LinkedIn; Founded: 2024 Batch: Winter 2025 Team Size: 5 Status: Active Location: San Francisco Primary Partner: Jared Friedman,https://www.linkedin.com/in/adam-b-cohen/; https://www.linkedin.com/in/andrew-d-churchill/; https://www.linkedin.com/company/weave-dev; https://www.linkedin.com/company/102726930,Winter 2025,2025,https://www.ycombinator.com/companies/weave-3,https://yc-oss.github.io/api/batches/winter-2025/weave-3.json
Maive,"San Francisco, CA, USA",https://maive.ai,David Tondreau; Will Cray; Founded: 2025 Batch: Winter 2025 Team Size: 2 Status: Active Location: San Francisco Primary Partner: Aaron Epstein,https://www.linkedin.com/in/david-tondreau/; https://www.linkedin.com/in/willcray/; https://www.linkedin.com/company/maive-ai/,Winter 2025,2025,https://www.ycombinator.com/companies/maive,https://yc-oss.github.io/api/batches/winter-2025/maive.json
SalesPatriot,"San Francisco, CA, USA",https://www.salespatriot.com/,Nelson Ray; Ben Rhodes-Kropf; Maciej Szymczyk; Founded: 2024 Batch: Winter 2025 Team Size: 9 Status: Active Location: San Francisco Primary Partner: Jared Friedman,https://www.linkedin.com/in/nelson-ray/; https://www.linkedin.com/in/ben-rhodes-kropf-26b617217/; https://www.linkedin.com/in/maciej-szymczyk-74392b1b8; https://www.linkedin.com/company/salespatriot,Winter 2025,2025,https://www.ycombinator.com/companies/salespatriot,https://yc-oss.github.io/api/batches/winter-2025/salespatriot.json
Paragon,"San Francisco, CA, USA",https://www.runparagon.com,Ishir Vaidyanath; Kasyap Chakra; Founded: 2025 Batch: Winter 2025 Team Size: 2 Status: Active Location: San Francisco,https://linkedin.com/in/ishirv; https://linkedin.com/in/kasyap-chakravadhanula-357b41132; https://www.linkedin.com/company/deployparagon/,Winter 2025,2025,https://www.ycombinator.com/companies/deployparagon,https://yc-oss.github.io/api/batches/winter-2025/deployparagon.json
careCycle,"San Mateo, CA, USA",https://www.careCycle.ai,"Alex Doonanco; Evan Roubekas; Founded: 2024 Batch: Winter 2025 Team Size: 4 Status: Active Location: San Mateo, CA Primary Partner: Aaron Epstein",https://www.linkedin.com/in/alexdoonanco; https://www.linkedin.com/in/evanroubekas/; https://www.linkedin.com/company/carecycle-yc-w25,Winter 2025,2025,https://www.ycombinator.com/companies/carecycle,https://yc-oss.github.io/api/batches/winter-2025/carecycle.json
Inversion Semiconductor,"San Francisco, CA, USA",https://www.inversionsemi.com,,,Winter 2025,2025,https://www.ycombinator.com/companies/inversion-semiconductor,https://yc-oss.github.io/api/batches/winter-2025/inversion-semiconductor.json
Adam,"San Francisco, CA, USA",https://adam.new/,Zach Dive; Aaron Li; Founded: 2025 Batch: Winter 2025 Team Size: 4 Status: Active Location: San Francisco Primary Partner: Brad Flora,https://linkedin.com/in/zacharydive; https://www.linkedin.com/in/aaronlico/; https://www.linkedin.com/company/adamcad/,Winter 2025,2025,https://www.ycombinator.com/companies/adam,https://yc-oss.github.io/api/batches/winter-2025/adam.json
Rally,"Berlin, Berlin, Germany",https://www.getrally.com/,"Nick Telecki; Thiago Peres; Founded: 2025 Batch: Winter 2025 Team Size: 5 Status: Active Location: Berlin, Germany Primary Partner: Aaron Epstein",https://www.linkedin.com/in/nick-telecki; https://www.linkedin.com/in/thiagoperespm/; https://www.linkedin.com/company/rally-fintech,Winter 2025,2025,https://www.ycombinator.com/companies/rally-3,https://yc-oss.github.io/api/batches/winter-2025/rally-3.json
Tergle,"San Francisco, CA, USA",https://tergle.com,Adam Bowen; Founded: 2025 Batch: Winter 2025 Status: Active Location: San Francisco Primary Partner: Tom Blomfield,https://www.linkedin.com/in/adambowen03/; https://www.linkedin.com/company/tergleai,Winter 2025,2025,https://www.ycombinator.com/companies/tergle,https://yc-oss.github.io/api/batches/winter-2025/tergle.json
Trim,"San Francisco, CA, USA",https://trimresearch.com,Emanuel Gordis; Founded: 2024 Batch: Winter 2025 Team Size: 3 Status: Active Location: San Francisco Primary Partner: Harj Taggar,https://www.linkedin.com/in/emanuelgordis/; https://www.linkedin.com/company/trim-research,Winter 2025,2025,https://www.ycombinator.com/companies/trim,https://yc-oss.github.io/api/batches/winter-2025/trim.json
Amby Health,"San Francisco, CA, USA",https://tryamby.com,Yos Wagenmans; Timmy Dang; Founded: 2025 Batch: Winter 2025 Team Size: 2 Status: Active Location: San Francisco Primary Partner: Harj Taggar,https://www.linkedin.com/in/yosw/; https://www.linkedin.com/in/timmydang27/; https://www.linkedin.com/company/ambyhealth,Winter 2025,2025,https://www.ycombinator.com/companies/amby-health,https://yc-oss.github.io/api/batches/winter-2025/amby-health.json
Cardamon,"San Francisco, CA, USA",https://cardamon.ai/,Areg Nzsdejan; Dmytro Astakhov; Dmytro; Founded: 2025 Batch: Winter 2025 Team Size: 2 Status: Active Location: San Francisco Primary Partner: Aaron Epstein,https://www.linkedin.com/in/areg-nzsdejan-85b894a1/; https://www.linkedin.com/in/dmytro-astakhov; https://www.linkedin.com/in/dmytro-astakhov/; https://www.linkedin.com/company/cardamonai,Winter 2025,2025,https://www.ycombinator.com/companies/cardamon,https://yc-oss.github.io/api/batches/winter-2025/cardamon.json
Bezel,"New York, NY, USA",https://www.trybezel.com/,Kashyap Achar; Kashyap; Founded: 2025 Batch: Winter 2025 Team Size: 1 Status: Active Location: New York Primary Partner: Aaron Epstein,https://www.linkedin.com/in/kashyapachar/; https://www.linkedin.com/in/kashyapachar; https://www.linkedin.com/company/bezelai,Winter 2025,2025,https://www.ycombinator.com/companies/bezel,https://yc-oss.github.io/api/batches/winter-2025/bezel.json
ZeroEntropy,,https://www.zeroentropy.dev,Ghita Houir Alami; Nicholas Pipitone; Ghita; Founded: 2024 Batch: Winter 2025 Team Size: 2 Status: Active Primary Partner: Harj Taggar,https://linkedin.com/in/ghita-houir-alami; https://www.linkedin.com/in/nicholas-pipitone-5736a2107/; https://www.linkedin.com/in/ghita-houir-alami/; https://www.linkedin.com/company/zeroentropy-inc/,Winter 2025,2025,https://www.ycombinator.com/companies/zeroentropy,https://yc-oss.github.io/api/batches/winter-2025/zeroentropy.json
Oki,"San Francisco, CA, USA",https://www.okiapplications.com/,Luofei Chen; Aayush Tyagi; Founded: 2025 Batch: Winter 2025 Team Size: 2 Status: Active Location: San Francisco Primary Partner: Harj Taggar,https://www.linkedin.com/in/luofei-c/; https://www.linkedin.com/in/aayushtyagi; https://linkedin.com/company/oki-ai,Winter 2025,2025,https://www.ycombinator.com/companies/oki,https://yc-oss.github.io/api/batches/winter-2025/oki.json
Cifrato,"Bogotá, Bogota, Colombia; Remote",https://cifrato.ai,"Juan Pisco; Batch: Winter 2025 Status: Active Location: Bogotá, Colombia Primary Partner: Harj Taggar",https://www.linkedin.com/in/juan-pisco/; https://www.linkedin.com/company/cifrato,Winter 2025,2025,https://www.ycombinator.com/companies/cifrato,https://yc-oss.github.io/api/batches/winter-2025/cifrato.json
Mosaic,"San Francisco, CA, USA",https://mosaic.so,Adish Jain; Kyle Wade; Founded: 2024 Batch: Winter 2025 Team Size: 4 Status: Active Location: San Francisco Primary Partner: Harj Taggar,https://www.linkedin.com/in/adish-jain/; https://www.linkedin.com/in/kylewade13731/; https://www.linkedin.com/company/use-mosaic-ai/,Winter 2025,2025,https://www.ycombinator.com/companies/mosaic-2,https://yc-oss.github.io/api/batches/winter-2025/mosaic-2.json
Swerve,"San Francisco, CA, USA",https://www.getswerve.com/,Soroush Saryazdi; Jason Zhou; Founded: 2025 Batch: Winter 2025 Team Size: 2 Status: Active Location: San Francisco Primary Partner: Brad Flora,https://linkedin.com/in/soroush-saryazdi-792365175; https://www.linkedin.com/in/jasonxzhou/; https://www.linkedin.com/company/getswerve,Winter 2025,2025,https://www.ycombinator.com/companies/swerve,https://yc-oss.github.io/api/batches/winter-2025/swerve.json
Osmosis,,https://osmosis.ai/,Kasey Zhang; Andy Lyu; Kasey; Andy; Founded: 2024 Batch: Winter 2025 Team Size: 4 Status: Active Primary Partner: Brad Flora,https://linkedin.com/in/kasey-zhang; https://linkedin.com/in/baiqingl; https://www.linkedin.com/in/kasey-zhang/; https://www.linkedin.com/in/baiqingl/; https://www.linkedin.com/company/osmosis-ai/,Winter 2025,2025,https://www.ycombinator.com/companies/osmosis,https://yc-oss.github.io/api/batches/winter-2025/osmosis.json
Operand,"San Francisco, CA, USA",https://www.operand.com/,Ram Gorthi; Akhil Iyengar; Arjun Sahney; Founded: 2024 Batch: Winter 2025 Team Size: 5 Status: Active Location: San Francisco Primary Partner: Tom Blomfield,https://www.linkedin.com/in/ramgorthi; https://www.linkedin.com/in/akhiliyengar/; https://www.linkedin.com/in/arjun-sahney-40b88624b/; https://www.linkedin.com/company/tryoperand,Winter 2025,2025,https://www.ycombinator.com/companies/operand,https://yc-oss.github.io/api/batches/winter-2025/operand.json
HealthKey,,https://gethealthkey.com/,Josh Sabol; Josh Sabol; Founded: 2025 Batch: Winter 2025 Team Size: 5 Status: Active Primary Partner: Tom Blomfield,https://linkedin.com/in/joshsabol; https://www.linkedin.com/in/joshsabol/; https://www.linkedin.com/company/gethealthkey/,Winter 2025,2025,https://www.ycombinator.com/companies/healthkey,https://yc-oss.github.io/api/batches/winter-2025/healthkey.json
GradeWiz,"San Francisco, CA, USA",https://www.gradewiz.ai/,Max Bohun; Founded: 2024 Batch: Winter 2025 Team Size: 2 Status: Active Location: San Francisco Primary Partner: Tom Blomfield,https://www.linkedin.com/in/maxbohun/; https://www.linkedin.com/company/gradewiz/,Winter 2025,2025,https://www.ycombinator.com/companies/gradewiz,https://yc-oss.github.io/api/batches/winter-2025/gradewiz.json
Mecha Health,"San Francisco, CA, USA",https://www.mecha-health.ai/,Ahmed Abdulaal; Hugo Fry; Ayodeji Ijishakin; Nina Montaña Brown; Founded: 2024 Batch: Winter 2025 Team Size: 4 Status: Active Location: San Francisco,https://www.linkedin.com/in/ahmed-abdulaal-5b8b6a295/; https://www.linkedin.com/in/hugo-fry-825828271/; https://www.linkedin.com/in/ayodeji-ijishakin-b6208b1a9/; https://www.linkedin.com/in/nina-monta%C3%B1a-brown-6aa24b133/; https://www.linkedin.com/company/mecha-health/,Winter 2025,2025,https://www.ycombinator.com/companies/mecha-health,https://yc-oss.github.io/api/batches/winter-2025/mecha-health.json
Cuckoo Labs,,https://www.cuckoo.so/,Yong Hee Lee; Gunwoo Kim; Founded: 2024 Batch: Winter 2025 Team Size: 2 Status: Active,https://www.linkedin.com/in/harryyongheelee/; https://www.linkedin.com/in/gunwooterry/; https://www.linkedin.com/company/cuckoo-labs,Winter 2025,2025,https://www.ycombinator.com/companies/cuckoo-labs,https://yc-oss.github.io/api/batches/winter-2025/cuckoo-labs.json
finbar,,https://finbar.com,Edward Huang; Robin Gan; Founded: 2023 Batch: Winter 2025 Team Size: 2 Status: Active,https://www.linkedin.com/in/edward-huang-cfa-8807b4149/; https://www.linkedin.com/in/robin-gan-180060126; https://linkedin.com/company/fin-bar,Winter 2025,2025,https://www.ycombinator.com/companies/finbar,https://yc-oss.github.io/api/batches/winter-2025/finbar.json
hud,"San Francisco, CA, USA",https://www.hud.so,Jay Ram; Lorenss Martinsons; Parth Patel; Founded: 2025 Batch: Winter 2025 Team Size: 5 Status: Active Location: San Francisco Primary Partner: Aaron Epstein,https://www.linkedin.com/in/jay-ram-29003b198/; https://linkedin.com/in/lorenss; https://linkedin.com/in/parth220; https://www.linkedin.com/company/hud-ai/,Winter 2025,2025,https://www.ycombinator.com/companies/hud,https://yc-oss.github.io/api/batches/winter-2025/hud.json
Olive,"San Francisco, CA, USA",https://fromolive.com,Bardia Safari; Shrey Gupta; Bardia; Shrey; Founded: 2024 Batch: Winter 2025 Team Size: 2 Status: Active Location: San Francisco Primary Partner: Gustaf Alstromer,https://linkedin.com/in/bardiasafari; https://linkedin.com/in/shreyguptaoc; https://www.linkedin.com/in/bardiasafari; https://www.linkedin.com/in/shreyguptaoc/; https://www.linkedin.com/company/fromolive,Winter 2025,2025,https://www.ycombinator.com/companies/olive,https://yc-oss.github.io/api/batches/winter-2025/olive.json
PAX Markets,"Redwood City, CA, USA",https://pax.markets/,"Pete Stevenson; Benjamin Kilimnik; link; link; Founded: 2024 Batch: Winter 2025 Team Size: 6 Status: Active Location: Redwood City, CA Primary Partner: Jared Friedman",https://linkedin.com/in/etepnosnevets; https://www.linkedin.com/in/benkilimnik; https://www.linkedin.com/in/etepnosnevets/; https://www.linkedin.com/in/benkilimnik/; https://www.linkedin.com/company/pax-markets/,Winter 2025,2025,https://www.ycombinator.com/companies/pax-markets,https://yc-oss.github.io/api/batches/winter-2025/pax-markets.json
Pave Robotics,,https://pave-robotics.com,Josh Kelly; Mason Landon Smith; Josh Kelly; Mason Landon Smith; Founded: 2024 Batch: Winter 2025 Team Size: 3 Status: Active Primary Partner: Jared Friedman,https://linkedin.com/in/joshak18; https://linkedin.com/in/mason-landon-smith; https://www.linkedin.com/in/joshak18/; https://www.linkedin.com/in/mason-landon-smith/; https://www.linkedin.com/company/pave-robotics/,Winter 2025,2025,https://www.ycombinator.com/companies/pave-robotics,https://yc-oss.github.io/api/batches/winter-2025/pave-robotics.json
Gale,"San Francisco, CA, USA",https://galevisa.com,Rahul Gudise; Haokun Qin; Rishabh Sambare; LinkedIn; Founded: 2024 Batch: Winter 2025 Team Size: 3 Status: Active Location: San Francisco Primary Partner: Jared Friedman,https://linkedin.com/in/rahulgudise; https://linkedin.com/in/haokun-qin; https://linkedin.com/in/rishabhsamb; https://www.linkedin.com/company/galeapp; https://www.linkedin.com/company/galeapp/,Winter 2025,2025,https://www.ycombinator.com/companies/gale,https://yc-oss.github.io/api/batches/winter-2025/gale.json
Asteroid,"San Francisco, CA, USA",https://asteroid.ai,,,Winter 2025,2025,https://www.ycombinator.com/companies/asteroid,https://yc-oss.github.io/api/batches/winter-2025/asteroid.json
Macadamia,,https://macadamialabs.com,Abel Van Steenweghen; Brecht Pierreux; Founded: 2025 Batch: Winter 2025 Team Size: 2 Status: Active Primary Partner: Aaron Epstein,https://www.linkedin.com/in/abelvs/; https://www.linkedin.com/in/brecht-pierreux-54b327181/; https://www.linkedin.com/company/105566815/,Winter 2025,2025,https://www.ycombinator.com/companies/macadamia,https://yc-oss.github.io/api/batches/winter-2025/macadamia.json
Lucid,,https://lucid.ai,Alberto Hojel; Rami Seid,https://linkedin.com/in/albertohojel; https://www.linkedin.com/in/rami-mohammed-seid/,Winter 2025,2025,https://www.ycombinator.com/companies/lucid,https://yc-oss.github.io/api/batches/winter-2025/lucid.json
Pickle,"San Francisco, CA, USA",https://www.pickle.com,Daniel Park; Sanio Jung; Chris Kang; Emmett Kim; Ho Jin Yu; Daniel Park; Chris Kang; Founded: 2024 Batch: Winter 2025 Team Size: 7 Status: Active Location: San Francisco Primary Partner: Brad Flora,https://www.linkedin.com/in/danielpkl; https://www.linkedin.com/in/saniopkl/; https://www.linkedin.com/in/chriskangy/; https://www.linkedin.com/in/emmettpkl/; https://www.linkedin.com/in/sampkl/; https://www.linkedin.com/in/danielpkl/; https://www.linkedin.com/in/chrispkl/; https://www.linkedin.com/company/get-pickle-ai/,Winter 2025,2025,https://www.ycombinator.com/companies/pickle-2,https://yc-oss.github.io/api/batches/winter-2025/pickle-2.json
Bindwell,"San Francisco, CA, USA",https://www.bindwell.ai/,Tyler Rose; Navvye Anand; LinkedIn; Founded: 2024 Batch: Winter 2025 Team Size: 4 Status: Active Location: San Francisco Primary Partner: Aaron Epstein,https://www.linkedin.com/in/tyler-rose-213299222/; https://www.linkedin.com/in/navvye-anand/; https://www.linkedin.com/company/bindwell/; https://www.linkedin.com/company/bindwell,Winter 2025,2025,https://www.ycombinator.com/companies/bindwell,https://yc-oss.github.io/api/batches/winter-2025/bindwell.json
Stillwind,"Zürich, ZH, Switzerland",https://stillwind.ai,"Linus Meierhöfer; Lukas Ego; Hannes Furmans; Josef Zoller; Founded: 2024 Batch: Winter 2025 Team Size: 4 Status: Active Location: Zürich, Switzerland Primary Partner: Gustaf Alstromer",https://linkedin.com/in/linus-meierhöfer-7a4596259; https://www.linkedin.com/in/ego-lukas/; https://www.linkedin.com/in/hannes-furmans-52923625a/; https://www.linkedin.com/in/zollerboy1; https://www.linkedin.com/company/augento/,Winter 2025,2025,https://www.ycombinator.com/companies/stillwind,https://yc-oss.github.io/api/batches/winter-2025/stillwind.json
Harbera,"San Francisco, CA, USA",https://harbera.com/,Sophia Clark; Veronica Nutting; Sophia; Founded: 2025 Batch: Winter 2025 Team Size: 2 Status: Active Location: San Francisco Primary Partner: Gustaf Alstromer,https://www.linkedin.com/in/sophia-c-07a508b8/; https://www.linkedin.com/in/veronicanutting/; https://www.linkedin.com/in/sophia--clark/; https://www.linkedin.com/company/harbera,Winter 2025,2025,https://www.ycombinator.com/companies/harbera,https://yc-oss.github.io/api/batches/winter-2025/harbera.json
Cenote,"San Francisco, CA, USA",https://www.joincenote.com/,Kofi Ansong; Kristy Gao; Ajani Smith-Washington; Founded: 2024 Batch: Winter 2025 Team Size: 3 Status: Active Location: San Francisco,https://www.linkedin.com/in/kofi-ansong-89294016a/; https://www.linkedin.com/in/gaoxk/; https://www.linkedin.com/in/ajani-smith-washington/; https://www.linkedin.com/company/105877840/admin/dashboard/,Winter 2025,2025,https://www.ycombinator.com/companies/cenote,https://yc-oss.github.io/api/batches/winter-2025/cenote.json
Lopus AI,"San Francisco, CA, USA",https://lopus.ai,Aamish Ahmad Beg; Danylo Borodchuk; Founded: 2024 Batch: Winter 2025 Team Size: 2 Status: Active Location: San Francisco Primary Partner: Harj Taggar,https://www.linkedin.com/in/aamish-ahmad-beg/; https://www.linkedin.com/in/danylo-borodchuk/; https://www.linkedin.com/company/lopus-ai/,Winter 2025,2025,https://www.ycombinator.com/companies/lopus-ai,https://yc-oss.github.io/api/batches/winter-2025/lopus-ai.json
AthenaHQ,"San Francisco, CA, USA",https://www.athenahq.ai,Andrew Yan; Alan Yao; Andrew; Alan; LinkedIn; Founded: 2025 Batch: Winter 2025 Team Size: 10 Status: Active Location: San Francisco Primary Partner: Harj Taggar,https://www.linkedin.com/in/andrew-yan-200; https://linkedin.com/in/alanya0; https://www.linkedin.com/in/andrew-yan-200/; https://www.linkedin.com/in/alanya0/; https://www.linkedin.com/company/athena-hq; https://www.linkedin.com/company/athena-hq/,Winter 2025,2025,https://www.ycombinator.com/companies/athenahq,https://yc-oss.github.io/api/batches/winter-2025/athenahq.json
Strike,"San Francisco, CA, USA",http://tradestrike.app,Ronit Jain; Aarav Patel,https://www.linkedin.com/in/ronitjain5; https://www.linkedin.com/in/aaravpatel04,Winter 2025,2025,https://www.ycombinator.com/companies/strike,https://yc-oss.github.io/api/batches/winter-2025/strike.json
G LNK,"New York, NY, USA",https://glnkco.com/,Rayan Ghandour; Raouf Abujaber; Founded: 2024 Batch: Winter 2025 Team Size: 2 Status: Active Location: New York Primary Partner: Harj Taggar,https://www.linkedin.com/in/rayan-ghandour-75191618a/; https://www.linkedin.com/in/raouf-abujaber-169330256/; https://www.linkedin.com/company/104871545/,Winter 2025,2025,https://www.ycombinator.com/companies/g-lnk,https://yc-oss.github.io/api/batches/winter-2025/g-lnk.json
Mundo AI,"San Francisco, CA, USA",https://mundoai.world,,,Winter 2025,2025,https://www.ycombinator.com/companies/mundo-ai,https://yc-oss.github.io/api/batches/winter-2025/mundo-ai.json
Lucidic AI,"San Francisco, CA, USA",https://lucidic.ai,Abhinav Sinha; Andy Liang; Jeremy Tian; Founded: 2025 Batch: Winter 2025 Team Size: 4 Status: Active Location: San Francisco Primary Partner: Brad Flora,https://www.linkedin.com/in/abhinavsinha15/; https://www.linkedin.com/in/andyliang223/; https://www.linkedin.com/in/jeremy-tian-a2076a239/; https://www.linkedin.com/company/105580616/,Winter 2025,2025,https://www.ycombinator.com/companies/lucidic-ai,https://yc-oss.github.io/api/batches/winter-2025/lucidic-ai.json
Haleum,"San Francisco, CA, USA",https://haleum.ai/,Adarsh Ambati; Ansh Gupta; Aditya Iyengar; Founded: 2024 Batch: Winter 2025 Team Size: 3 Status: Active Location: San Francisco Primary Partner: Brad Flora,https://www.linkedin.com/in/adarshambati/; https://www.linkedin.com/in/gupta-ansh; https://www.linkedin.com/in/aditya-v-iyengar/; https://www.linkedin.com/company/haleum,Winter 2025,2025,https://www.ycombinator.com/companies/haleum,https://yc-oss.github.io/api/batches/winter-2025/haleum.json
Trata,"New York, NY, USA",https://www.trytrata.com/,Eric Cho; Alexander Chen; William Gao; Eric; Will; Founded: 2025 Batch: Winter 2025 Team Size: 3 Status: Active Location: New York Primary Partner: Brad Flora,https://linkedin.com/in/emc329; https://www.linkedin.com/in/alexanderqchen/; https://www.linkedin.com/in/william-m-gao; https://www.linkedin.com/in/emc329/; https://www.linkedin.com/in/william-m-gao/; https://www.linkedin.com/company/trata-inc/,Winter 2025,2025,https://www.ycombinator.com/companies/trata,https://yc-oss.github.io/api/batches/winter-2025/trata.json
Solidroad,"San Francisco, CA, USA",https://solidroad.com,Mark Hughes; Patrick Finlay; Founded: 2023 Batch: Winter 2025 Team Size: 6 Status: Active Location: San Francisco Primary Partner: Brad Flora,https://www.linkedin.com/in/mark-hughes-a36915a7/; https://www.linkedin.com/in/patjfin/; https://www.linkedin.com/company/solidroad/?viewAsMember=true,Winter 2025,2025,https://www.ycombinator.com/companies/solidroad,https://yc-oss.github.io/api/batches/winter-2025/solidroad.json
General Trajectory,"San Francisco, CA, USA",https://www.generaltrajectory.com/,Joshua Belofsky; Founded: 2024 Batch: Winter 2025 Team Size: 1 Status: Active Location: San Francisco Primary Partner: Harj Taggar,https://linkedin.com/in/joshua-belofsky-25328523b; https://linkedin.com/company/generaltrajectory,Winter 2025,2025,https://www.ycombinator.com/companies/general-trajectory,https://yc-oss.github.io/api/batches/winter-2025/general-trajectory.json
ReJot,"Amsterdam, NH, Netherlands",https://rejot.dev,"Wilco Kruijer; Jan Schutte; LinkedIn; Founded: 2024 Batch: Winter 2025 Team Size: 2 Status: Active Location: Amsterdam, Netherlands Primary Partner: Harj Taggar",https://linkedin.com/in/wilcokruijer/; https://www.linkedin.com/in/jan-schutte-183145135/; https://www.linkedin.com/company/rejot; https://www.linkedin.com/company/rejot/,Winter 2025,2025,https://www.ycombinator.com/companies/rejot,https://yc-oss.github.io/api/batches/winter-2025/rejot.json
Agentin AI,"San Francisco, CA, USA",https://www.agentin.ai,Sankeerth Rao Karingula; Founded: 2024 Batch: Winter 2025 Team Size: 2 Status: Active Location: San Francisco Primary Partner: Harj Taggar,https://linkedin.com/in/sankeerthrao; http://linkedin.com/company/agentin-ai,Winter 2025,2025,https://www.ycombinator.com/companies/agentin-ai,https://yc-oss.github.io/api/batches/winter-2025/agentin-ai.json
Snowbase,"San Francisco, CA, USA",http://www.snowbase.ai/,Charlie Maki; Corey Anderson; Cameron Hake; Founded: 2024 Batch: Winter 2025 Team Size: 4 Status: Active Location: San Francisco Primary Partner: Jared Friedman,https://www.linkedin.com/in/charlie-maki-40543617a/; https://www.linkedin.com/in/corey-anderson-3875a11aa/; https://www.linkedin.com/in/cameron-hake-651062194/; https://www.linkedin.com/company/joinsnowbase/,Winter 2025,2025,https://www.ycombinator.com/companies/snowbase,https://yc-oss.github.io/api/batches/winter-2025/snowbase.json
Waypoint Transit,,https://waypointtransit.com,Varun Tandon; Ryan Johnston; Founded: 2024 Batch: Winter 2025 Team Size: 2 Status: Active Primary Partner: Brad Flora,https://www.linkedin.com/in/vrntandon/; https://www.linkedin.com/in/ryan-johnston-b919a7180/; https://www.linkedin.com/company/waypoint-transit/,Winter 2025,2025,https://www.ycombinator.com/companies/waypoint-transit,https://yc-oss.github.io/api/batches/winter-2025/waypoint-transit.json
Riviera,"San Francisco, CA, USA",https://www.withriviera.com,Shaun Lane; Daniel Tyshler; Founded: 2024 Batch: Winter 2025 Team Size: 2 Status: Active Location: San Francisco Primary Partner: Brad Flora,https://www.linkedin.com/in/shaun--lane/; https://www.linkedin.com/in/daniel-tyshler-b742b217a/; https://www.linkedin.com/company/withriviera,Winter 2025,2025,https://www.ycombinator.com/companies/riviera,https://yc-oss.github.io/api/batches/winter-2025/riviera.json
Confident AI,"San Francisco, CA, USA",https://confident-ai.com,Jeffrey Ip; Kritin Vongthongsri; Founded: 2024 Batch: Winter 2025 Team Size: 2 Status: Active Location: San Francisco Primary Partner: Tom Blomfield,https://linkedin.com/in/jeffrey-ip-2295ab224; https://www.linkedin.com/in/kritin-vongthongsri; https://www.linkedin.com/company/confident-ai,Winter 2025,2025,https://www.ycombinator.com/companies/confident-ai,https://yc-oss.github.io/api/batches/winter-2025/confident-ai.json
Exla,,https://exla.ai/,Pranav Nair; Viraat Das; Viraat; Founded: 2025 Batch: Winter 2025 Status: Active Primary Partner: Brad Flora,https://www.linkedin.com/in/pranavnair311/; https://linkedin.com/in/viraatdas; https://www.linkedin.com/in/viraatdas/; https://www.linkedin.com/company/exla-corp,Winter 2025,2025,https://www.ycombinator.com/companies/exla,https://yc-oss.github.io/api/batches/winter-2025/exla.json
Karsa,"New York, NY, USA",https://gokarsa.com/,Shahryar Hasnani; Dale Wilson; Founded: 2025 Batch: Winter 2025 Team Size: 2 Status: Active Location: New York Primary Partner: Tyler Bosmeny,https://www.linkedin.com/in/shahryar-hasnani/; https://www.linkedin.com/in/dalewilson21/; https://www.linkedin.com/company/karsa/,Winter 2025,2025,https://www.ycombinator.com/companies/karsa,https://yc-oss.github.io/api/batches/winter-2025/karsa.json
Nitrode,,https://www.nitrode.com,Ben Kim; Sejoon Chang; Richard Gu; Brian La; Founded: 2024 Batch: Winter 2025 Team Size: 4 Status: Active,https://www.linkedin.com/in/ben-yoonsung-kim/; https://linkedin.com/in/sejoonchang; https://linkedin.com/in/rgu0114; https://linkedin.com/in/brianyla; https://www.linkedin.com/company/nitrode,Winter 2025,2025,https://www.ycombinator.com/companies/nitrode,https://yc-oss.github.io/api/batches/winter-2025/nitrode.json
Calltree,"San Francisco, CA, USA",https://calltree.ai,Kun Qian; Robertson Taylor; LinkedIn; Founded: 2025 Batch: Winter 2025 Team Size: 5 Status: Active Location: San Francisco Primary Partner: Brad Flora,https://www.linkedin.com/in/qian-kun/; https://www.linkedin.com/in/robertsonotaylor/; https://www.linkedin.com/company/calltree-ai; https://www.linkedin.com/company/calltree-ai/,Winter 2025,2025,https://www.ycombinator.com/companies/calltree,https://yc-oss.github.io/api/batches/winter-2025/calltree.json
Harper,"San Francisco, CA, USA",https://www.harperinsure.com/,Dakotah Rice; Tushar Nair; Tushar; Dakotah,https://www.linkedin.com/in/dakotahrice/; https://linkedin.com/in/tushar-nair-100787144; https://www.linkedin.com/in/tushar-nair-100787144; https://www.linkedin.com/in/dakotahrice,Winter 2025,2025,https://www.ycombinator.com/companies/harper,https://yc-oss.github.io/api/batches/winter-2025/harper.json
Tire Swing,"New York, NY, USA",https://gettireswing.com,Paul Witten; Lucas Irvine; Founded: 2025 Batch: Winter 2025 Team Size: 2 Status: Active Location: New York Primary Partner: Tom Blomfield,https://linkedin.com/in/paul-witten-39579715a; https://www.linkedin.com/in/lucas-i-b20187128/; https://www.linkedin.com/company/tire-swing,Winter 2025,2025,https://www.ycombinator.com/companies/tire-swing,https://yc-oss.github.io/api/batches/winter-2025/tire-swing.json
Outlit,"San Francisco, CA, USA",https://outlit.ai/,Josh Earle; Leo Paz; Leo Paz; Founded: 2024 Batch: Winter 2025 Team Size: 2 Status: Active Location: San Francisco Primary Partner: Garry Tan,https://www.linkedin.com/in/joshearle/; https://linkedin.com/in/leo-paz; https://www.linkedin.com/in/leo-paz/; https://www.linkedin.com/company/outlitai/,Winter 2025,2025,https://www.ycombinator.com/companies/outlit,https://yc-oss.github.io/api/batches/winter-2025/outlit.json
Mesh,,http://www.usemesh.com,Erin Kim; Nandini Ramakrishnan; Founded: 2024 Batch: Winter 2025 Team Size: 2 Status: Active,https://www.linkedin.com/in/erinkim720/; https://www.linkedin.com/in/nandiniramakrishnan/; https://www.linkedin.com/company/usemesh,Winter 2025,2025,https://www.ycombinator.com/companies/mesh-2,https://yc-oss.github.io/api/batches/winter-2025/mesh-2.json
Orbital Operations,,https://www.orbitalops.tech/,Ben Schleuniger; Ross Doherty; Founded: 2024 Batch: Winter 2025 Team Size: 2 Status: Active Primary Partner: Tyler Bosmeny,https://www.linkedin.com/in/bschleuniger/; https://www.linkedin.com/in/ross-doherty-992a2790; https://www.linkedin.com/company/orbital-operations/,Winter 2025,2025,https://www.ycombinator.com/companies/orbital-operations,https://yc-oss.github.io/api/batches/winter-2025/orbital-operations.json
Sennu AI,"San Francisco, CA, USA",https://www.sennu.ai,Sriman Gaddam; Sukhjit Singh; Founded: 2025 Batch: Winter 2025 Team Size: 2 Status: Active Location: San Francisco Primary Partner: Tyler Bosmeny,https://www.linkedin.com/in/sriman-gaddam/; https://www.linkedin.com/in/sukhjit-singh-ut/; https://www.linkedin.com/company/sennu-ai,Winter 2025,2025,https://www.ycombinator.com/companies/sennu-ai,https://yc-oss.github.io/api/batches/winter-2025/sennu-ai.json
Infinite,"San Francisco, CA, USA",https://infinite.dev,Nikhil Srinivasan; Raj Lad; Founded: 2024 Batch: Winter 2025 Team Size: 4 Status: Active Location: San Francisco Primary Partner: Brad Flora,https://linkedin.com/in/nikhilsrinivasan; https://www.linkedin.com/in/rajlad/; https://linkedin.com/company/infiniteinc,Winter 2025,2025,https://www.ycombinator.com/companies/infinite,https://yc-oss.github.io/api/batches/winter-2025/infinite.json
Peppr AI,,https://www.usepeppr.ai/,Sachitt Arora; Nitya Arora,https://linkedin.com/in/sachittarora; https://linkedin.com/in/nityaarora108,Winter 2025,2025,https://www.ycombinator.com/companies/peppr-ai,https://yc-oss.github.io/api/batches/winter-2025/peppr-ai.json
TripleZip,"New York, NY, USA",https://www.triplezip.ai/,Yash Sahota; Grayson Pike; Founded: 2025 Batch: Winter 2025 Team Size: 2 Status: Active Location: New York Primary Partner: Harj Taggar,https://www.linkedin.com/in/yashsahota; https://www.linkedin.com/in/graysonpike/; https://www.linkedin.com/company/106200029/,Winter 2025,2025,https://www.ycombinator.com/companies/triplezip,https://yc-oss.github.io/api/batches/winter-2025/triplezip.json
Artificial Societies,"San Francisco, CA, USA",https://societies.io,James He; Patrick Sharpe; Patrick; Founded: 2024 Batch: Winter 2025 Team Size: 3 Status: Active Location: San Francisco Primary Partner: Jared Friedman,https://www.linkedin.com/in/james-k-he/; https://www.linkedin.com/in/patrick-sharpe-684250110/; https://www.linkedin.com/in/sharpe-patrick/; https://www.linkedin.com/company/artificial-societies,Winter 2025,2025,https://www.ycombinator.com/companies/artificial-societies,https://yc-oss.github.io/api/batches/winter-2025/artificial-societies.json
Miyagi Labs,"New York, NY, USA",https://miyagilabs.ai,Tyrone Davis III; Guang Cui; Guang; Founded: 2025 Batch: Winter 2025 Team Size: 2 Status: Active Location: New York Primary Partner: Harj Taggar,https://www.linkedin.com/in/tyroned3/; https://www.linkedin.com/in/guang-cui-40140a89/; https://www.linkedin.com/in/guang-cui/; https://www.linkedin.com/company/miyagi-labs/,Winter 2025,2025,https://www.ycombinator.com/companies/miyagi-labs,https://yc-oss.github.io/api/batches/winter-2025/miyagi-labs.json
FuseAI,,https://tryfuse.ai/,Saurav Bubber; Imogen Low; FuseAI on LinkedIn; Saurav Bubber; Imogen Low,https://linkedin.com/in/sauravbubber; https://linkedin.com/in/imogen-low; https://www.linkedin.com/company/tryfuseai/?viewAsMember=true; https://www.linkedin.com/in/sauravbubber/; https://www.linkedin.com/in/imogen-low/,Winter 2025,2025,https://www.ycombinator.com/companies/fuseai,https://yc-oss.github.io/api/batches/winter-2025/fuseai.json
Misprint,"New York, NY, USA",https://www.misprint.com,Eva Herget; Jonathan Jenkins; Founded: 2025 Batch: Winter 2025 Team Size: 5 Status: Active Location: New York Primary Partner: Aaron Epstein,https://www.linkedin.com/in/eva-herget/; https://www.linkedin.com/in/jtjenkins18/; https://www.linkedin.com/company/misprint-inc/,Winter 2025,2025,https://www.ycombinator.com/companies/misprint,https://yc-oss.github.io/api/batches/winter-2025/misprint.json
AfterQuery,"San Francisco, CA, USA",https://afterquery.com,Danny Tang; Carlos Georgescu; Spencer Mateega,https://www.linkedin.com/in/danny1898/; https://www.linkedin.com/in/carlossgg/; https://www.linkedin.com/in/spencermateega,Winter 2025,2025,https://www.ycombinator.com/companies/afterquery,https://yc-oss.github.io/api/batches/winter-2025/afterquery.json
Mastra,Remote,https://mastra.ai,Sam Bhagwat; Abhi Aiyer; Shane Thomas; Founded: 2024 Batch: Winter 2025 Team Size: 8 Status: Active Primary Partner: Gustaf Alstromer,https://linkedin.com/in/sambhagwat; https://www.linkedin.com/in/abhi-aiyer-aa41bb42/; https://www.linkedin.com/in/smthomas3; https://www.linkedin.com/company/mastra-ai/,Winter 2025,2025,https://www.ycombinator.com/companies/mastra,https://yc-oss.github.io/api/batches/winter-2025/mastra.json
Forge Automation,"Toronto, ON, Canada",https://www.forgeautomation.ca,"Timothy Seto; Walter Raftus; Founded: 2022 Batch: Winter 2025 Team Size: 9 Status: Active Location: Toronto, Canada Primary Partner: Aaron Epstein",https://linkedin.com/in/timmy-seto; https://linkedin.com/in/walterraftus; https://www.linkedin.com/company/forge-automation,Winter 2025,2025,https://www.ycombinator.com/companies/forge-automation,https://yc-oss.github.io/api/batches/winter-2025/forge-automation.json
Archon,"San Francisco, CA, USA",https://archon.inc,George Parks; Sam Jung; Founded: 2024 Batch: Winter 2025 Team Size: 3 Status: Active Location: San Francisco Primary Partner: Gustaf Alstromer,https://www.linkedin.com/in/george-parks/; https://www.linkedin.com/in/sam-jung-b71956ab/; https://www.linkedin.com/company/getarchon/,Winter 2025,2025,https://www.ycombinator.com/companies/archon,https://yc-oss.github.io/api/batches/winter-2025/archon.json
Retrofit,"New York, NY, USA",https://www.retrofit.shop/,Sandra Lifshits; Sandra; Maddy; Linkedin,https://www.linkedin.com/in/sandra-lifshits-a7a60284/; https://www.linkedin.com/in/sandra-lifshits/; https://www.linkedin.com/in/mjyip/; https://www.linkedin.com/company/106068920/,Winter 2025,2025,https://www.ycombinator.com/companies/retrofit,https://yc-oss.github.io/api/batches/winter-2025/retrofit.json
Pinch,Remote,https://startpinch.com,Christian Safka; Founded: 2025 Batch: Winter 2025 Team Size: 3 Status: Active,https://linkedin.com/in/christiansafka; https://www.linkedin.com/company/105586682,Winter 2025,2025,https://www.ycombinator.com/companies/pinch,https://yc-oss.github.io/api/batches/winter-2025/pinch.json
Optifye.ai,"San Francisco, CA, USA",https://www.optifye.ai,Vivaan Baid; Kushal Mohta; Founded: 2024 Batch: Winter 2025 Team Size: 8 Status: Active Location: San Francisco Primary Partner: Brad Flora,https://www.linkedin.com/in/vivaan-baid-119415177/; https://www.linkedin.com/in/kushal-mohta-6926931b4/; https://www.linkedin.com/company/optifye-ai/?viewAsMember=true,Winter 2025,2025,https://www.ycombinator.com/companies/optifye-ai,https://yc-oss.github.io/api/batches/winter-2025/optifye-ai.json
Reditus Space,"Atlanta, GA, USA",https://www.reditus.space/,"Stef Crum; Will Sherman; Founded: 2024 Batch: Winter 2025 Team Size: 20 Status: Active Location: Atlanta, GA Primary Partner: Tyler Bosmeny",https://www.linkedin.com/in/spcrum/; https://www.linkedin.com/in/willamasherman/; https://www.linkedin.com/company/reditus-space,Winter 2025,2025,https://www.ycombinator.com/companies/reditus-space,https://yc-oss.github.io/api/batches/winter-2025/reditus-space.json
Permitify,,https://permitify.com,Adam Chandler; Alexander Densley; Founded: 2025 Batch: Winter 2025 Team Size: 2 Status: Active,https://www.linkedin.com/in/adam-chandler99/; https://www.linkedin.com/in/alexander-densley/; https://www.linkedin.com/company/permitifyco,Winter 2025,2025,https://www.ycombinator.com/companies/permitify,https://yc-oss.github.io/api/batches/winter-2025/permitify.json
Wildcard,,https://wild-card.ai,Kaushik Mahorker; Kaushik; Yagnya; Founded: 2025 Batch: Winter 2025 Team Size: 2 Status: Active Primary Partner: Gustaf Alstromer,https://www.linkedin.com/in/kaushikmahorker; https://www.linkedin.com/in/kaushikmahorker/; https://www.linkedin.com/in/y-patel/; https://www.linkedin.com/company/wild-card-ai,Winter 2025,2025,https://www.ycombinator.com/companies/wildcard,https://yc-oss.github.io/api/batches/winter-2025/wildcard.json
Demeter,"San Francisco, CA, USA",https://www.joindemeter.com/,Qiaochu Li; Dev Jain; https://www.linkedin.com/company/joindemeter/,https://www.linkedin.com/in/qiaochu-li1999/; https://www.linkedin.com/in/devrjain/; https://www.linkedin.com/company/joindemeter/,Winter 2025,2025,https://www.ycombinator.com/companies/demeter,https://yc-oss.github.io/api/batches/winter-2025/demeter.json
Proception Inc,,https://proception.ai/,Jay Li; Jack Xu; Founded: 2024 Batch: Winter 2025 Team Size: 10 Status: Active Primary Partner: Tom Blomfield,https://www.linkedin.com/in/jaylicareer/; https://www.linkedin.com/in/jack-xu-jxinbox/; https://www.linkedin.com/company/proceptionai/?viewAsMember=true,Winter 2025,2025,https://www.ycombinator.com/companies/proception-inc,https://yc-oss.github.io/api/batches/winter-2025/proception-inc.json
Woz,"San Francisco, CA, USA",https://withwoz.com/,Ben Collins; Brad Eckert; Brad Eckert; Founded: 2024 Batch: Winter 2025 Team Size: 6 Status: Active Location: San Francisco Primary Partner: Tom Blomfield,https://www.linkedin.com/in/bentcollins/; https://www.linkedin.com/in/bradleymeckert/; https://www.linkedin.com/in/chefeckert/; https://www.linkedin.com/company/withwoz,Winter 2025,2025,https://www.ycombinator.com/companies/woz,https://yc-oss.github.io/api/batches/winter-2025/woz.json
Spott,,https://spott.io,Manu Vanderveeren; Lander Degreve; Samuel Smeys; Founded: 2024 Batch: Winter 2025 Team Size: 11 Status: Active Primary Partner: Tom Blomfield,https://www.linkedin.com/in/manuvanderveeren/; https://www.linkedin.com/in/lander-degr%C3%A8ve/; https://www.linkedin.com/in/samuelsmeys/; https://www.linkedin.com/company/spottai,Winter 2025,2025,https://www.ycombinator.com/companies/spott,https://yc-oss.github.io/api/batches/winter-2025/spott.json
Rebolt,,https://rebolt.ai,Celia Manzano; Javier Sanchez; Founded: 2025 Batch: Winter 2025 Team Size: 3 Status: Active Primary Partner: Tom Blomfield,https://www.linkedin.com/in/celiamanz; https://www.linkedin.com/in/sanchezfdezjavier; https://www.linkedin.com/company/reboltai/,Winter 2025,2025,https://www.ycombinator.com/companies/rebolt,https://yc-oss.github.io/api/batches/winter-2025/rebolt.json
Roark,"San Francisco, CA, USA",https://roark.ai,James Zammit; Daniel Gauci; Founded: 2025 Batch: Winter 2025 Team Size: 3 Status: Active Location: San Francisco Primary Partner: Gustaf Alstromer,https://linkedin.com/in/zammitjames; https://www.linkedin.com/in/gaucidaniel/; https://www.linkedin.com/company/106073945,Winter 2025,2025,https://www.ycombinator.com/companies/roark,https://yc-oss.github.io/api/batches/winter-2025/roark.json
Dalus,,https://dalus.io,Sebastian Völkl; Eliot Khachi; Founded: 2024 Batch: Winter 2025 Team Size: 3 Status: Active Primary Partner: Gustaf Alstromer,https://www.linkedin.com/in/sebastian-voelkl/; https://www.linkedin.com/in/eliot-khachi-426424159/; https://www.linkedin.com/company/dalus-tech/,Winter 2025,2025,https://www.ycombinator.com/companies/dalus,https://yc-oss.github.io/api/batches/winter-2025/dalus.json
Waffle,"London, England, United Kingdom",https://www.waffle.ai,"Manuj Mishra; Diogo Valdivieso; Founded: 2025 Batch: Spring 2025 Team Size: 2 Status: Active Location: London, United Kingdom Primary Partner: Tom Blomfield",https://linkedin.com/in/manuj-mishra; https://www.linkedin.com/in/diogo-vddc/; https://www.linkedin.com/company/waffle-ai,Spring 2025,2025,https://www.ycombinator.com/companies/waffle,https://yc-oss.github.io/api/batches/spring-2025/waffle.json
TensorPool,,https://tensorpool.dev,Tycho Svoboda; Joshua Martinez; Hlumelo Notshe; Founded: 2025 Batch: Winter 2025 Team Size: 3 Status: Active Primary Partner: Jared Friedman,https://www.linkedin.com/in/tycho-svoboda/; https://www.linkedin.com/in/joshkmartinez/; https://www.linkedin.com/in/hlumelo-notshe; https://www.linkedin.com/company/105594641/,Winter 2025,2025,https://www.ycombinator.com/companies/tensorpool,https://yc-oss.github.io/api/batches/winter-2025/tensorpool.json
Bluebook,"San Francisco, CA, USA",https://getbluebook.com,Philip Andersson; Filip Stål; Founded: 2024 Batch: Winter 2025 Team Size: 4 Status: Active Location: San Francisco Primary Partner: Gustaf Alstromer,https://linkedin.com/in/phiandersson; https://www.linkedin.com/in/filip-st%C3%A5l-464849229/; https://www.linkedin.com/company/bluebook-accounting,Winter 2025,2025,https://www.ycombinator.com/companies/bluebook,https://yc-oss.github.io/api/batches/winter-2025/bluebook.json
Butter,,https://butter.dev,Erik Dunteman; Founded: 2024 Batch: Winter 2025 Team Size: 2 Status: Active Primary Partner: Jared Friedman,https://www.linkedin.com/in/edunteman/; https://www.linkedin.com/company/butter-dot-dev,Winter 2025,2025,https://www.ycombinator.com/companies/butter,https://yc-oss.github.io/api/batches/winter-2025/butter.json
Atlog,"New York, NY, USA",https://atlog.ai,Vraj Parikh; John Bettinger; Founded: 2024 Batch: Spring 2025 Team Size: 2 Status: Active Location: New York Primary Partner: David Lieb,https://www.linkedin.com/in/vrajdirajlal/; https://www.linkedin.com/in/john-bettinger; https://www.linkedin.com/company/atlog-ai/,Spring 2025,2025,https://www.ycombinator.com/companies/atlog,https://yc-oss.github.io/api/batches/spring-2025/atlog.json
Paratus Health,"Menlo Park, CA, USA",https://paratushealth.com/,"Pablo Bermudez-Canete; Tannen Hall; linkedin!; Founded: 2024 Batch: Winter 2025 Team Size: 6 Status: Active Location: Menlo Park, CA Primary Partner: Aaron Epstein",https://www.linkedin.com/in/pablobermudezcanete?utm_source=share&utm_campaign=share_via&utm_content=profile&utm_medium=ios_app; https://www.linkedin.com/in/tannen-hall/; https://www.linkedin.com/company/paratushealth/; https://www.linkedin.com/company/paratus-health/,Winter 2025,2025,https://www.ycombinator.com/companies/paratus-health,https://yc-oss.github.io/api/batches/winter-2025/paratus-health.json
CopyCat,"San Francisco, CA, USA",https://runcopycat.com,Graham Sabin; Abhi Balijepalli; Zyad Elgohary; Founded: 2024 Batch: Winter 2025 Team Size: 3 Status: Active Location: San Francisco Primary Partner: Jared Friedman,https://www.linkedin.com/in/grahamsabin/; https://www.linkedin.com/in/a8hi/; https://linkedin.com/in/zyad-elgohary; https://www.linkedin.com/company/copycat-ai/,Winter 2025,2025,https://www.ycombinator.com/companies/copycat,https://yc-oss.github.io/api/batches/winter-2025/copycat.json
Ergo,"San Francisco, CA, USA",https://joinergo.com,Yash Dulla; Ishan Sheth; Founded: 2025 Batch: Winter 2025 Status: Active Location: San Francisco Primary Partner: Jared Friedman,https://www.linkedin.com/in/yash-dulla/; https://www.linkedin.com/in/isheth/; https://www.linkedin.com/company/ergoai/,Winter 2025,2025,https://www.ycombinator.com/companies/ergo,https://yc-oss.github.io/api/batches/winter-2025/ergo.json
TamLabs,"San Francisco, CA, USA",https://tamlabs.ai,Joshua Doolan; Ben Doolan; Founded: 2025 Batch: Winter 2025 Team Size: 2 Status: Active Location: San Francisco Primary Partner: Jared Friedman,https://www.linkedin.com/in/joshua-doolan; https://www.linkedin.com/in/ben-doolan-66aa64204/; https://www.linkedin.com/company/tamlabs,Winter 2025,2025,https://www.ycombinator.com/companies/tamlabs,https://yc-oss.github.io/api/batches/winter-2025/tamlabs.json
Browser Use,"San Francisco, CA, USA",https://browser-use.com,Magnus Müller; Gregor Zunic; Founded: 2024 Batch: Winter 2025 Team Size: 2 Status: Active Location: San Francisco Primary Partner: Jared Friedman,https://www.linkedin.com/in/magnus-mueller; https://linkedin.com/in/gregorzunic; https://www.linkedin.com/company/browser-use,Winter 2025,2025,https://www.ycombinator.com/companies/browser-use,https://yc-oss.github.io/api/batches/winter-2025/browser-use.json
Cedar,,https://www.cedarcopilot.com,Jesse Li; Isabelle Ilyia; Founded: 2025 Batch: Winter 2025 Team Size: 2 Status: Active Primary Partner: Gustaf Alstromer,https://linkedin.com/in/jesseli751; https://linkedin.com/in/isabelle-i; https://www.linkedin.com/company/cedarcopilot,Winter 2025,2025,https://www.ycombinator.com/companies/cedar,https://yc-oss.github.io/api/batches/winter-2025/cedar.json
Lightbox,"San Francisco, CA, USA",https://www.lightbox.sh/,,,Winter 2025,2025,https://www.ycombinator.com/companies/lightbox,https://yc-oss.github.io/api/batches/winter-2025/lightbox.json
Mercura,,https://www.mercura.ai,Lukas Bock; Stefan Zheng; Founded: 2024 Batch: Winter 2025 Team Size: 14 Status: Active Primary Partner: Gustaf Alstromer,https://www.linkedin.com/in/lukas-bock-7636a0131; https://www.linkedin.com/in/stefan-zheng/; https://www.linkedin.com/company/mercura-ai/,Winter 2025,2025,https://www.ycombinator.com/companies/mercura,https://yc-oss.github.io/api/batches/winter-2025/mercura.json
Instinct,"London, England, United Kingdom",https://www.instinct-space.com/,"Alex Pinel Neparidze; Joaquim Dickson; Ashwin Iyer; Founded: 2024 Batch: Winter 2025 Team Size: 4 Status: Active Location: London, United Kingdom Primary Partner: Aaron Epstein",https://www.linkedin.com/in/alex-pinel/; https://www.linkedin.com/in/joaquim-ropd/; https://www.linkedin.com/in/ashwin-iyer-626263245/; https://www.linkedin.com/company/instinct-space/,Winter 2025,2025,https://www.ycombinator.com/companies/instinct,https://yc-oss.github.io/api/batches/winter-2025/instinct.json
SAMMY Labs,,https://www.sammylabs.com,Joe Savidge; Shav Vimalendiran; Joe; Josh; Founded: 2024 Batch: Winter 2025 Team Size: 3 Status: Active Primary Partner: Aaron Epstein,https://www.linkedin.com/in/josephsavidge; https://www.linkedin.com/in/shavvimalendiran/; https://www.linkedin.com/in/josephsavidge/; https://www.linkedin.com/in/joshua-carey-5156a51aa/; https://www.linkedin.com/company/sammylabs,Winter 2025,2025,https://www.ycombinator.com/companies/sammy-labs,https://yc-oss.github.io/api/batches/winter-2025/sammy-labs.json
Tally,,https://tallyhq.com,Rami Ghanem; LinkedIn; Founded: 2025 Batch: Winter 2025 Team Size: 2 Status: Active Primary Partner: Jared Friedman,https://linkedin.com/in/ramighanem; https://www.linkedin.com/company/tallyhq; https://www.linkedin.com/company/tallyaihq,Winter 2025,2025,https://www.ycombinator.com/companies/tallyhq,https://yc-oss.github.io/api/batches/winter-2025/tallyhq.json
TrainLoop,"San Francisco, CA, USA",http://trainloop.ai,Jackson Stokes; Mason Pierce; Founded: 2025 Batch: Winter 2025 Team Size: 2 Status: Active Location: San Francisco Primary Partner: David Lieb,https://www.linkedin.com/in/jacksonstokes/; https://www.linkedin.com/in/malapier; https://www.linkedin.com/company/trainloopai/,Winter 2025,2025,https://www.ycombinator.com/companies/trainloop,https://yc-oss.github.io/api/batches/winter-2025/trainloop.json
ThirdLayer,"San Francisco, CA, USA",https://thirdlayer.inc,Regina Lin; Kevin Gu; Founded: 2025 Batch: Winter 2025 Team Size: 2 Status: Active Location: San Francisco,https://linkedin.com/in/reginaclin; https://linkedin.com/in/kevinrgu; https://www.linkedin.com/company/thirdlayerinc/,Winter 2025,2025,https://www.ycombinator.com/companies/thirdlayer,https://yc-oss.github.io/api/batches/winter-2025/thirdlayer.json
Fluidize,"San Francisco, CA, USA",https://fluidize.ai,Henry Bae; Alex Fleury; Jamin Liu; Henry; Jamin; Founded: 2025 Batch: Summer 2025 Team Size: 3 Status: Active Location: San Francisco Primary Partner: Jared Friedman,https://linkedin.com/in/henrybae; https://www.linkedin.com/in/victoralexfleury/; https://www.linkedin.com/in/jamin-liu-255277163; https://www.linkedin.com/in/henrybae/; https://www.linkedin.com/in/jamin-liu-255277163/; https://www.linkedin.com/company/fluidize-ai/,Summer 2025,2025,https://www.ycombinator.com/companies/fluidize,https://yc-oss.github.io/api/batches/summer-2025/fluidize.json
Axal,"San Francisco, CA, USA",https://www.axal.ai/,Samai Patel; Nand Vinchhi; Founded: 2025 Batch: Winter 2025 Team Size: 2 Status: Active Location: San Francisco Primary Partner: Jared Friedman,https://www.linkedin.com/in/samaipatel; https://www.linkedin.com/in/nandvinchhi; https://www.linkedin.com/company/axalai/?viewAsMember=true,Winter 2025,2025,https://www.ycombinator.com/companies/axal,https://yc-oss.github.io/api/batches/winter-2025/axal.json
Artifact,,https://www.artifact.engineer/,Antony Samuel; Corbin Klett; Corbin Klett (CTO); Founded: 2025 Batch: Winter 2025 Team Size: 3 Status: Active Primary Partner: Gustaf Alstromer,https://www.linkedin.com/in/antony-samuel/; https://www.linkedin.com/in/corbinklett; https://www.linkedin.com/in/corbinklett/; https://www.linkedin.com/company/artifact-engineer,Winter 2025,2025,https://www.ycombinator.com/companies/artifact-2,https://yc-oss.github.io/api/batches/winter-2025/artifact-2.json
assistant-ui,"San Francisco, CA, USA",https://assistant-ui.com,Simon Farshid; Founded: 2024 Batch: Winter 2025 Team Size: 1 Status: Active Location: San Francisco Primary Partner: Jared Friedman,https://linkedin.com/in/simon-farshid; https://linkedin.com/company/assistant-ui,Winter 2025,2025,https://www.ycombinator.com/companies/assistant-ui,https://yc-oss.github.io/api/batches/winter-2025/assistant-ui.json
Fira,,https://firaresearch.com/,Alex Tkachenko; Alexey Taktarov; https://www.linkedin.com/company/fira-ai/,https://linkedin.com/in/alextcn; https://www.linkedin.com/in/molefrog/; https://www.linkedin.com/company/fira-ai/,Winter 2025,2025,https://www.ycombinator.com/companies/fira,https://yc-oss.github.io/api/batches/winter-2025/fira.json
Vantel,"Stockholm, Stockholm County, Sweden",https://vantel.ai/,"Love Redin; Ulme Wennberg; Founded: 2024 Batch: Winter 2025 Team Size: 2 Status: Active Location: Stockholm, Sweden Primary Partner: Gustaf Alstromer",https://www.linkedin.com/in/love-redin/; https://www.linkedin.com/in/ulme-wennberg/; https://linkedin.com/company/vantelinc/,Winter 2025,2025,https://www.ycombinator.com/companies/vantel,https://yc-oss.github.io/api/batches/winter-2025/vantel.json
Ambral,,https://www.ambral.com/,Sam Brickman; Jack Stettner; Founded: 2025 Batch: Summer 2025 Team Size: 2 Status: Active Primary Partner: Harj Taggar,https://www.linkedin.com/in/sam-brickman-086341136/; https://www.linkedin.com/in/jackstettner/; https://www.linkedin.com/company/ambral,Summer 2025,2025,https://www.ycombinator.com/companies/ambral,https://yc-oss.github.io/api/batches/summer-2025/ambral.json
BlindPay,,https://blindpay.com/,Bernardo Simonassi; Joao Borges; Gabriel Lyra; Gustavo Marinho; Founded: 2024 Batch: Winter 2025 Team Size: 4 Status: Active Primary Partner: Harj Taggar,https://linkedin.com/in/bernardosm; https://www.linkedin.com/in/joaoborgesjr/; https://www.linkedin.com/in/gabriel-miranda-lyra-10a06448/; https://www.linkedin.com/in/gustavomarinho/; https://www.linkedin.com/company/blindpay,Winter 2025,2025,https://www.ycombinator.com/companies/blindpay,https://yc-oss.github.io/api/batches/winter-2025/blindpay.json
WAYLINE,,https://wayline.com,Jason Okra; Eric Rowell; Founded: 2025 Batch: Summer 2025 Team Size: 2 Status: Active Primary Partner: Gustaf Alstromer,https://www.linkedin.com/in/okra/; https://www.linkedin.com/in/errowell/; https://www.linkedin.com/company/wayline-ai,Summer 2025,2025,https://www.ycombinator.com/companies/wayline,https://yc-oss.github.io/api/batches/summer-2025/wayline.json
Mentra,"San Francisco, CA, USA",https://mentra.glass,Cayden Pierce; Alexander Israelov; Founded: 2024 Batch: Winter 2025 Team Size: 12 Status: Active Location: San Francisco Primary Partner: Jared Friedman,https://www.linkedin.com/in/cayden-pierce/; https://linkedin.com/in/alexanderisraelov; https://www.linkedin.com/company/mentra-labs,Winter 2025,2025,https://www.ycombinator.com/companies/mentra,https://yc-oss.github.io/api/batches/winter-2025/mentra.json
Blaxel,,https://blaxel.ai,Paul Sinaï; Thomas Crochet; Charles Drappier; Mathis Joffre; Nicolas Lecomte; Christophe Ploujoux; Founded: 2024 Batch: Spring 2025 Team Size: 6 Status: Active Primary Partner: Nicolas Dessaigne,https://www.linkedin.com/in/paul-sinai; https://www.linkedin.com/in/crochetthomas; https://www.linkedin.com/in/charles-drappier-48017962/; https://www.linkedin.com/in/mathis-joffre-30992712a/; https://www.linkedin.com/in/nicolas-lecomte-080317153/?locale=en_US; https://www.linkedin.com/in/christophe-ploujoux/; https://www.linkedin.com/company/blaxel-ai,Spring 2025,2025,https://www.ycombinator.com/companies/blaxel,https://yc-oss.github.io/api/batches/spring-2025/blaxel.json
QFEX,"London, England, United Kingdom",https://qfex.com,"Annanay Kapila; Joshua Wharton; LinkedIn; Founded: 2025 Batch: Spring 2025 Team Size: 8 Status: Active Location: London, United Kingdom Primary Partner: Pete Koomen",https://www.linkedin.com/in/annanay-kapila/; https://www.linkedin.com/in/joshua-wharton/; https://www.linkedin.com/company/entimox/; https://www.linkedin.com/company/qfex,Spring 2025,2025,https://www.ycombinator.com/companies/qfex,https://yc-oss.github.io/api/batches/spring-2025/qfex.json
Red Barn Robotics,,https://www.redbarnrobotics.com,Adam Iseman; Ilya Kelner; Alex Neff; Founded: 2023 Batch: Winter 2025 Team Size: 3 Status: Active Primary Partner: Brad Flora,https://linkedin.com/in/adamiseman; https://www.linkedin.com/in/ilyakelner/; https://www.linkedin.com/in/alex-neff-2245732b/; https://www.linkedin.com/company/red-barn-robotics,Winter 2025,2025,https://www.ycombinator.com/companies/red-barn-robotics,https://yc-oss.github.io/api/batches/winter-2025/red-barn-robotics.json
Chestnut,"San Francisco, CA, USA",https://chestnutmortgage.com/,Spencer Brown; Founded: 2025 Batch: Spring 2025 Team Size: 1 Status: Active Location: San Francisco Primary Partner: Diana Hu,https://linkedin.com/in/spencercbrown; https://www.linkedin.com/company/chestnutmortgage,Spring 2025,2025,https://www.ycombinator.com/companies/chestnut,https://yc-oss.github.io/api/batches/spring-2025/chestnut.json
Frekil,"San Francisco, CA, USA",https://www.frekil.com,Nikhil Tiwari; Shivesh Gupta; Founded: 2025 Batch: Spring 2025 Team Size: 2 Status: Active Location: San Francisco Primary Partner: Nicolas Dessaigne,https://www.linkedin.com/in/nikhiltiwari-iitb/; https://www.linkedin.com/in/shivesh-gupta-iitb/; https://www.linkedin.com/company/frekil,Spring 2025,2025,https://www.ycombinator.com/companies/frekil,https://yc-oss.github.io/api/batches/spring-2025/frekil.json
Plexe,,https://plexe.ai,Vaibhav Dubey; Marcello De Bernardi; Founded: 2025 Batch: Spring 2025 Team Size: 2 Status: Active Primary Partner: Nicolas Dessaigne,https://www.linkedin.com/in/vaibhav-dubey-b31930128; https://www.linkedin.com/in/marcello-de-bernardi/; https://www.linkedin.com/company/plexe-ai/,Spring 2025,2025,https://www.ycombinator.com/companies/plexe,https://yc-oss.github.io/api/batches/spring-2025/plexe.json
Kashikoi,"San Francisco, CA, USA",https://www.getkashikoi.com,Tim Michaud; Aaksha Meghawat; Founded: 2025 Batch: Spring 2025 Team Size: 2 Status: Active Location: San Francisco Primary Partner: Nicolas Dessaigne,https://www.linkedin.com/in/timmichaud/; https://www.linkedin.com/in/aaksham/; https://www.linkedin.com/company/kashikoi/,Spring 2025,2025,https://www.ycombinator.com/companies/kashikoi,https://yc-oss.github.io/api/batches/spring-2025/kashikoi.json
Aravolta,"San Francisco, CA, USA",https://www.aravolta.com/,Margarita Groisman; Jack Sutton; Founded: 2024 Batch: Spring 2025 Team Size: 3 Status: Active Location: San Francisco Primary Partner: Nicolas Dessaigne,https://www.linkedin.com/in/margarita-groisman/; https://www.linkedin.com/in/sutton-jack; https://www.linkedin.com/company/centralaxis,Spring 2025,2025,https://www.ycombinator.com/companies/aravolta,https://yc-oss.github.io/api/batches/spring-2025/aravolta.json
Vybe,,https://www.vybe.build,Fabien Devos; Founded: 2025 Batch: Spring 2025 Team Size: 2 Status: Active Primary Partner: Nicolas Dessaigne,https://www.linkedin.com/in/fabiendevos; https://www.linkedin.com/company/107383717/,Spring 2025,2025,https://www.ycombinator.com/companies/vybe,https://yc-oss.github.io/api/batches/spring-2025/vybe.json
nao Labs,,https://getnao.io/,Claire Gouze; Christophe Blefari; Founded: 2024 Batch: Spring 2025 Team Size: 2 Status: Active Primary Partner: Nicolas Dessaigne,https://www.linkedin.com/in/claire-gouze/; https://www.linkedin.com/in/christopheblefari/; https://www.linkedin.com/company/getnao/,Spring 2025,2025,https://www.ycombinator.com/companies/nao-labs,https://yc-oss.github.io/api/batches/spring-2025/nao-labs.json
BitBoard,"San Francisco, CA, USA",https://bitboard.work/,Connor Jones; Ambar Choudhury; Ambar; Founded: 2025 Batch: Spring 2025 Team Size: 2 Status: Active Location: San Francisco Primary Partner: David Lieb,https://www.linkedin.com/in/connorandrewjones/; https://linkedin.com/in/ambar-choudhury-92681038; https://www.linkedin.com/in/arcbam/; https://www.linkedin.com/company/bitboardai,Spring 2025,2025,https://www.ycombinator.com/companies/bitboard,https://yc-oss.github.io/api/batches/spring-2025/bitboard.json
Golf,,https://golf.dev/,Wojciech Błaszak; Antoni Gmitruk; Founded: 2025 Batch: Spring 2025 Team Size: 2 Status: Active Primary Partner: David Lieb,https://www.linkedin.com/in/wojciech-błaszak11/; https://linkedin.com/in/antoni-gmitruk-80a268211; https://www.linkedin.com/company/106327716,Spring 2025,2025,https://www.ycombinator.com/companies/golf,https://yc-oss.github.io/api/batches/spring-2025/golf.json
Notus Autonomous Systems,"San Francisco, CA, USA",http://www.notussystems.com/,Emmanuel Margolin; Founded: 2025 Batch: Spring 2025 Team Size: 2 Status: Active Location: San Francisco Primary Partner: Pete Koomen,https://www.linkedin.com/in/emmanuel-margolin-907055351/; https://www.linkedin.com/company/notus-systems/,Spring 2025,2025,https://www.ycombinator.com/companies/notus-autonomous-systems,https://yc-oss.github.io/api/batches/spring-2025/notus-autonomous-systems.json
cubic,"London, England, United Kingdom",https://cubic.dev/,"Allis Yao; Paul Sanglé-Ferrière; Founded: 2025 Batch: Spring 2025 Team Size: 2 Status: Active Location: London, United Kingdom Primary Partner: Nicolas Dessaigne",https://www.linkedin.com/in/allisyao/; https://linkedin.com/in/paulsf; https://www.linkedin.com/company/cubic-dev/,Spring 2025,2025,https://www.ycombinator.com/companies/cubic,https://yc-oss.github.io/api/batches/spring-2025/cubic.json
Bloom,,https://bloom.diy/,David Oort Alonso; Sirian Maathuis; Sirian; David; Founded: 2025 Batch: Spring 2025 Team Size: 2 Status: Active Primary Partner: David Lieb,https://linkedin.com/in/david-oort-alonso; https://linkedin.com/in/sirian-maathuis; https://www.linkedin.com/in/sirian-maathuis/; https://www.linkedin.com/in/david-oort-alonso/; https://www.linkedin.com/company/bloomlabs-inc/,Spring 2025,2025,https://www.ycombinator.com/companies/bloom-4,https://yc-oss.github.io/api/batches/spring-2025/bloom-4.json
Serafis,"San Francisco, CA, USA",https://serafis.ai,Rohan Sharma; Rohan; Founded: 2025 Batch: Summer 2025 Team Size: 2 Status: Active Location: San Francisco Primary Partner: Dalton Caldwell,https://www.linkedin.com/in/r9a; https://www.linkedin.com/in/r9a/; https://www.linkedin.com/company/serafis/,Summer 2025,2025,https://www.ycombinator.com/companies/serafis,https://yc-oss.github.io/api/batches/summer-2025/serafis.json
Avallon AI,,https://www.avallon.ai/,Cornelius Schramm; Bryan Guin; Founded: 2025 Batch: Spring 2025 Team Size: 3 Status: Active Primary Partner: Dalton Caldwell,https://www.linkedin.com/in/cornelius-schramm-450759150/; https://www.linkedin.com/in/bryan-guin/; https://linkedin.com/company/avallon,Spring 2025,2025,https://www.ycombinator.com/companies/avallon-ai,https://yc-oss.github.io/api/batches/spring-2025/avallon-ai.json
GroundControl,"San Francisco, CA, USA",https://rungroundcontrol.com/,Mehul Shah; Matthew Noseworthy; Nick Warren; Founded: 2024 Batch: Spring 2025 Team Size: 8 Status: Active Location: San Francisco Primary Partner: David Lieb,https://www.linkedin.com/in/mehulmshah22; https://www.linkedin.com/in/matthew-noseworthy-218167106/; https://www.linkedin.com/in/nickcw/; https://www.linkedin.com/company/groundcontrol-software/,Spring 2025,2025,https://www.ycombinator.com/companies/groundcontrol,https://yc-oss.github.io/api/batches/spring-2025/groundcontrol.json
Kanava AI,"San Francisco, CA, USA",https://kanava.ai/,Smit Dagli; Vikhyath Mondreti,https://www.linkedin.com/in/smitdagli/; https://www.linkedin.com/in/vikhyath-m-a00357128/,Spring 2025,2025,https://www.ycombinator.com/companies/kanava-ai,https://yc-oss.github.io/api/batches/spring-2025/kanava-ai.json
Minerva,,https://www.tryminerva.ai,Peter Zhu; Om Agarwal; Founded: 2025 Batch: Spring 2025 Team Size: 2 Status: Active Primary Partner: Dalton Caldwell,https://www.linkedin.com/in/zhudanmeng/; https://www.linkedin.com/in/om-agarwal/; https://www.linkedin.com/company/minervaintelligence,Spring 2025,2025,https://www.ycombinator.com/companies/minerva,https://yc-oss.github.io/api/batches/spring-2025/minerva.json
Cua,,https://cua.ai,Francesco Bonacci; Founded: 2025 Batch: Spring 2025 Team Size: 3 Status: Active Primary Partner: Diana Hu,https://linkedin.com/in/francesco-bonacci-70428a121; https://www.linkedin.com/company/cua-ai,Spring 2025,2025,https://www.ycombinator.com/companies/cua,https://yc-oss.github.io/api/batches/spring-2025/cua.json
